"Data Source","World Development Indicators",

"Last Updated Date","2026-07-13",

"Country Name","Country Code","Indicator Name","Indicator Code","1960","1961","1962","1963","1964","1965","1966","1967","1968","1969","1970","1971","1972","1973","1974","1975","1976","1977","1978","1979","1980","1981","1982","1983","1984","1985","1986","1987","1988","1989","1990","1991","1992","1993","1994","1995","1996","1997","1998","1999","2000","2001","2002","2003","2004","2005","2006","2007","2008","2009","2010","2011","2012","2013","2014","2015","2016","2017","2018","2019","2020","2021","2022","2023","2024","2025",
"Aruba","ABW","GDP growth (annual %)","NY.GDP.MKTP.KD.ZG","","","","","","","","","","","","","","","","","","","","","","","","","","","","16.0784313755902","18.6486486682331","12.1298405451924","3.96140172360629","7.96287173232642","5.88235395341866","7.30769324531406","8.20390129312089","2.54714368704694","1.18578851134656","7.04687499241221","1.99198444906199","1.2380418420716","7.62292064930222","4.1820016304779","-0.944953481157384","1.11050459944282","7.29372807096192","-0.383137672063768","1.12741146411624","3.0895443848509","1.83575517191368","-11.6777413693852","-2.73345679250639","3.36923718421511","-1.04079988436683","6.43146080719245","1.42609951155575","3.61147906591042","1.23433537363427","3.49342985290626","3.21247111920076","1.22914408896015","-23.9400592677491","14.833691976226","10.6079607621246","9.51636022347185","6.81077669324554","",
"Africa Eastern and Southern","AFE","GDP growth (annual %)","NY.GDP.MKTP.KD.ZG","","0.41860451835916","7.93708948676768","5.62431712054723","4.65034924527725","5.138153215239","4.82756767784397","5.33880331784027","4.15649742655941","5.12135779343974","1.11234142508951","5.48247760607643","2.76374937457366","4.62105406419764","5.47247004654849","1.37469522218557","2.34867766181208","1.11007613124904","1.48045000267132","2.92751618674596","5.45250926700712","3.92855137810257","0.308733173926257","0.0633095443900231","3.40599898666069","-0.0862674739278333","2.2708784691378","3.93860604146059","4.28630735073526","2.66612019046222","0.121248110193363","-0.106083603567996","-2.39599725303886","-0.838998142673731","1.92196003289237","4.35392699130041","5.49889632470644","3.85634715778551","1.77473731591628","2.63412269430596","3.18094735686691","3.50334667089258","3.91684750402439","3.00926854844221","5.63468233018918","6.17372940633642","6.6374603516137","6.70236334242323","4.4393342303769","0.91891690275223","5.33521275751254","3.79124046178791","1.88012979444004","4.63400008423696","3.91636174876319","2.93390345864022","2.2925005812875","2.67886266771569","2.70620741957582","1.93559262617022","-2.93076411386527","4.45264295607002","3.66802914041513","1.94138157772015","2.78793146807502","3.7430158719504",
"Afghanistan","AFG","GDP growth (annual %)","NY.GDP.MKTP.KD.ZG","","","","","","","","","","","","","","","","","","","","","","","","","","","","","","","","","","","","","","","","","","-9.4319740700862","28.6000011706788","8.83227780288267","1.41411799339429","11.2297148272859","5.35740324748592","13.8263195471281","3.92498381999467","21.3905283926492","14.3624414710737","0.426354776777345","12.7522870926697","5.60074465863221","2.72454336219565","1.45131466066431","2.26031420279821","2.6470032027451","1.18922812944517","3.91160341625552","-2.35110067203466","-20.7388393676343","-6.24017199240269","2.26694373649188","1.87319280045979","",
"Africa Western and Central","AFW","GDP growth (annual %)","NY.GDP.MKTP.KD.ZG","","1.86959316017379","3.72601584654903","7.03817151860679","5.36458000982272","4.10565996343935","-1.51295915656289","-8.9663243719947","1.57459211106766","15.0165238123015","17.3091612529542","10.4071168445661","3.16726067622008","3.92188097015638","9.91596012467674","-2.01391009551077","8.42212506404528","4.56110993001877","-1.91527381239612","5.0308336614234","1.86854039777809","-6.64055720148654","-3.27061255537438","-6.28932781874721","0.483705242072176","5.31989831810735","1.26636308818486","1.41062499125132","4.76129405240493","1.7235101201376","5.60063938229112","1.11813678119785","2.28915774945126","-1.32536237361836","-0.228873727582496","1.85185843179605","4.62185793621683","4.38756531404023","3.61557427976862","1.51805422643328","3.81194290088693","5.24852519557031","9.94309624930423","5.62639021570637","8.07139668920397","5.79749541210572","5.28746933049445","5.44733984006633","6.21065559988834","6.14105587787854","7.0006469900289","4.92203183140791","5.12968971306577","6.04665420359198","5.69152337171586","2.93291103762179","0.176171718599761","2.30276059142707","2.89995418634321","3.28314241472725","-3.71879330346492","2.54547274764256","4.47710763731639","3.64459087867006","4.59618335068083","4.6000999560392",
"Angola","AGO","GDP growth (annual %)","NY.GDP.MKTP.KD.ZG","","","","","","","","","","","","","","","","","","","","","","-4.40000121865023","0","4.20000142853738","6.00000216509061","3.4999994900861","2.90000174246849","4.08274863510731","6.12889047765088","0.0416214618373942","-3.45009868500235","0.991359301045193","-5.83828073148828","-23.9834174429163","1.33936343644582","15.0000000283302","13.544369755809","7.27427735417383","4.69114645217414","2.18148971731765","3.05462423452938","4.20599855694861","13.6656887610553","3.48731240097521","11.4198633904585","14.1547775343954","11.8418178757042","13.0026889457976","10.7866360496581","1.99558909788963","5.29366572819954","3.59386960240222","8.50312283866612","4.88306129688392","4.65572356315585","0.763177710914789","-0.233076954805284","-0.164688656961076","-0.506697543616156","-1.05523414494337","-5.27349128300007","1.09058369944815","3.55749206675667","1.32016587081031","4.95267860425956","3.13353542450008",
"Albania","ALB","GDP growth (annual %)","NY.GDP.MKTP.KD.ZG","","","","","","","","","","","","","","","","","","","","","","5.74563529228132","2.94859680118944","1.10493826195055","-1.25159664405811","1.78064395924895","5.63724317852117","-0.787842654927232","-1.42003965566396","9.8365489718722","-9.57564016993408","-28.0021416538074","-7.18711090964234","9.55941167111243","8.30286659699082","13.3223333268813","7.33632894771891","-11.7115732812278","8.3100252038309","12.2507281968475","7.46285871776054","8.8637306604876","4.62839587394552","5.33326426009945","5.26626173860785","5.13082193056189","6.0189812403864","6.50009261158209","6.90706230713707","2.69075152362146","2.97315442681247","2.46351683915714","0.984129880204108","1.7072283175406","2.24022695382642","2.2277040745779","3.90893551362245","3.28317593330073","3.67141928098908","2.06257790176122","-3.31375636888916","8.96957619074095","4.8268006234359","4.01541716935742","4.04592845095348","3.78893836241024",
"Andorra","AND","GDP growth (annual %)","NY.GDP.MKTP.KD.ZG","","","","","","","","","","","","4.64946535556467","8.14974352749283","7.78846724532318","5.61878962739297","0.54220566972954","3.30378705328451","2.83857556906837","1.46300016981581","0.0415572233591206","2.20872761148199","-0.132474492519691","1.2464611381716","1.77011827083456","1.7846866722919","2.32143303428465","3.25332182847531","5.54712216113352","5.09432619448408","4.82703427244309","3.78138754899436","2.54600353080194","0.929214040125956","-1.03148438999895","2.3831822482118","2.75750161326249","4.64973866754707","9.06767205144135","3.19479339289236","4.0990789217793","3.52836236122388","8.11935772169949","4.54636221364653","8.69420371612468","8.13567633837351","5.39779598500422","4.80868869916921","1.55318814103222","-5.55918636850581","-5.30284654348291","-1.97495799965345","-0.00806975341139093","-4.97444371853503","-3.54759651549344","2.50446552114518","1.43414039522716","3.70967806978986","0.346071889630295","1.58876549046354","2.01554763848308","-11.1839399355384","8.28677879049404","9.56461225648184","2.58355480961319","3.8491605039052","3.86803450687808",
"Arab World","ARB","GDP growth (annual %)","NY.GDP.MKTP.KD.ZG","","","","","","","","6.78633203216823","10.7806420222861","7.45465740059068","22.941207256079","7.48456972195639","13.9391931093824","13.2915037649973","10.5134039136766","-0.0389707542294673","14.3107135046067","6.58917943114051","2.95425797523328","10.6477393197391","6.27913265669126","0.865804206657586","-5.97365659720917","-3.76017920392736","1.24534353105025","-0.846607016391204","-0.770959569345735","0.254093361177937","3.27919780732064","3.79329618977387","7.83215760105232","-0.693845187387026","6.57629994576891","3.25567455129934","3.35546608040302","2.80109260169807","4.8149922032718","5.46631142952268","4.7704737846842","2.77846596520513","6.33619144275903","2.14387898764836","1.29346374901667","4.19199685279152","9.08740851233671","5.57907161645375","6.30821136348678","4.62941134633037","5.59733997180274","0.680947994132524","4.7365057444004","3.84860676614113","5.48137966421484","2.58564644333576","2.58777358070404","3.34998278420424","3.57245633977796","1.33126991214532","2.67038341212846","1.74949238304778","-5.28641417078185","4.43140396719774","6.99667634282584","1.6487292798157","2.00521809439076","3.67757993848036",
"United Arab Emirates","ARE","GDP growth (annual %)","NY.GDP.MKTP.KD.ZG","","","","","","","","","","","","36.6123778533091","39.0796375886669","76.6201550367607","14.4980412677649","6.22761090864789","16.5266792179266","21.4396994717898","-1.58961937418947","20.9234874935804","23.8745793877479","4.65936415296406","-6.71914478677678","-4.74606970328497","4.01713802979486","-3.59486680248725","-14.9577718663836","3.38145065154107","-2.61905367759613","12.3383708731218","18.327722868088","0.860104327799661","3.34528166209122","1.26109792945728","6.89607573397633","6.68766930139498","5.79855087420329","8.19026264308846","0.292226494694063","2.90205341564509","10.852837927302","1.39892161061073","2.43337487237925","8.80057809996346","9.56652626277928","4.85513657996815","9.83727922860218","3.18441281459761","3.19181235452885","-5.2429219073683","1.60285004336325","6.73651167897515","4.68325642918792","4.9184505919085","4.63291785879667","7.08766622657654","5.65790147196586","-1.06137114472548","1.53720634021511","1.27129120536284","-8.69343363776639","4.55280140106356","7.51452414254605","4.30113648499413","3.99181200361831","",
"Argentina","ARG","GDP growth (annual %)","NY.GDP.MKTP.KD.ZG","","5.42784287621933","-0.852021521903339","-5.30819682539126","10.1302976615431","10.5694333376394","-0.659726170629824","3.19199662339177","4.82250077932424","9.67952601078326","3.04564331917115","5.65813108184925","1.62841651825939","2.81175403849035","5.5338043957736","-0.0284121037110907","-2.01825151683394","6.93414775653342","-4.50612480201359","10.2227634638681","1.51878394990179","-5.18978914135593","-0.735659159103619","4.34909327926756","1.57073870182023","-5.18902435343904","6.15337706275693","2.70486882770558","-1.08993334133791","-7.15694965597953","-2.46721377810472","9.13311056738961","7.93729155643076","8.20697907221228","5.83620070368526","-2.84520961057079","5.52668982715234","8.1110467707457","3.85017885156228","-3.38545704063269","-0.78899893905691","-4.40883968258557","-10.8944848285903","8.83704079576924","9.02957330068152","8.85165992013437","8.04715150043027","9.00765087504757","4.05723310346406","-5.91852507634947","10.1253981561002","6.00395169280579","-1.0264204544321","2.40532378079436","-2.51261532081394","2.73115982828944","-2.08032784377811","2.81850297775918","-2.61739646282038","-2.00086100285785","-9.9004848136464","10.4418119882506","6.02074537534855","-1.85578803046339","-1.34293072157739","4.36733330217022",
"Armenia","ARM","GDP growth (annual %)","NY.GDP.MKTP.KD.ZG","","","","","","","","","","","","","","","","","","","","","","","","","","","","","","","","-11.699998482027","-41.8000027457562","-8.7999987932935","5.40000277917656","6.89999841973659","5.86540074943565","3.32107970046953","7.29999998770998","3.30000000058166","5.90000000312092","9.59999999927597","13.1999999979356","14.0000000015501","10.4999999988202","13.8999999991133","13.1999999994661","13.7000000015467","6.90000000042959","-14.1000000006998","2.2000000002151","4.69999999867412","7.20000000096486","3.3","3.60000000058993","3.19999999896625","0.199999999825991","7.50000000164144","5.19999999965324","7.59999999853918","-7.19999999920631","5.80000000065645","12.5999999997766","8.29999999959539","5.90000000046228","7.2",
"American Samoa","ASM","GDP growth (annual %)","NY.GDP.MKTP.KD.ZG","","","","","","","","","","","","","","","","","","","","","","","","","","","","","","","","","","","","","","","","","","","","0.965517241379317","0.409836065573771","-0.408163265306129","-4.09836065573771","1.85185185185186","-2.65734265734265","-4.16666666666666","0.299850074962521","0","-4.33482810164425","-2.5","1.76282051282051","3.14960629921259","-1.67938931297709","-6.98757763975155","2.6711185308848","-0.487804878048777","4.41176470588236","-0.782472613458523","1.73501577287065","","","",
"Antigua and Barbuda","ATG","GDP growth (annual %)","NY.GDP.MKTP.KD.ZG","","","","","","","","","","","","","","","","","","","4.38351247709541","8.07944622901869","8.16198385854459","3.81444815121563","-0.0835066842627157","5.36381884798783","10.1652301394506","7.64384442301511","11.4936693741042","6.6261349331762","5.21313204893121","5.25230146300468","3.01181316687232","2.17685217398964","1.15855077710827","5.27988683522082","6.67640654973411","-4.35978466639605","6.6049448827643","5.47125581395349","4.73127914935051","3.70774594512658","6.20355212555867","-4.54810977120295","1.02723486062159","6.07663666406602","5.76710338270556","6.47368941781741","12.7081474873625","9.31518272315685","-0.0140065981851762","-11.9628794703471","-7.84050683730972","-1.95874262217572","3.37314273947959","-0.600982329599361","2.19829188738797","1.42161997595372","4.1203675438061","2.71272657973627","6.71200487159726","3.1722219373937","-18.8687765208148","8.17286311186622","8.49776342254205","3.86550160079324","2.54044193946544","4.99803998431987",
"Australia","AUS","GDP growth (annual %)","NY.GDP.MKTP.KD.ZG","","2.48085739405019","1.29693177230521","6.21437634985244","6.97757189326991","5.97750537090864","2.3810335009272","6.30689948609215","5.09512980987455","7.04760243224727","7.17469983682571","4.0009865700372","3.90697856876663","2.6185458738897","4.10661101328289","1.33870055771159","2.58782205117312","3.59237581967973","0.895363440295682","4.05155094854514","3.03453508064058","3.34242019351289","3.32864998005238","-2.22582353017135","4.5644786594345","5.28169814609451","3.96976309787884","2.5567680273608","5.76137011855324","3.87901779350344","3.57297569098456","-0.384631357046658","0.433065864126704","4.04583374101011","3.97884434177331","3.89017188961647","3.86567479160071","3.91795814771731","4.67681373479508","5.02822035850596","3.9160574881715","2.03145880248898","3.94980535772942","3.0912800997751","4.21894147547516","3.15548121323168","2.7709261737475","3.78947119882653","3.62398503565633","1.95484826298522","2.21004795300735","2.39473494330615","3.95247138119184","2.65445302592404","2.60118978187332","2.16434780647852","2.75564065529868","2.29331030192918","2.87417039499501","2.19401703622717","-0.133531904304775","2.00694844335034","4.25304559238732","3.58382100798981","1.37340773365975","1.35039785076631",
"Austria","AUT","GDP growth (annual %)","NY.GDP.MKTP.KD.ZG","","5.53797902513386","2.64867460443732","4.13826783091311","6.12435345300248","3.48017454307666","5.64286142932208","3.00804740763752","4.47231239659007","6.27586703858165","7.12287566074039","5.11496844003607","6.20786057271572","4.89043598428583","3.94213819626765","-0.363735781670002","4.57844491490252","5.0799812066944","-0.21065365212003","5.35669993923946","1.731485495966","-0.144294731083647","2.01125455462991","2.97308783817583","0.0512751573205321","2.49867884980837","2.30139279474186","1.35716799468845","3.2958798164712","3.88707478685015","4.34564183768971","3.44162748808654","2.0935244262602","0.526809769496765","2.40211843259056","2.66798388882503","2.21576713087359","2.1458350552646","3.49288002962309","3.76192435190464","3.18952292988787","1.31698749571339","1.48436877605324","1.14156504542775","2.56525534067859","2.32036514266782","3.26933601506059","3.77522468729185","1.45330562142114","-3.58626472551299","1.80898243043663","2.92746800169145","0.628246239479637","-0.250726423318454","0.755798850316665","1.30352331826198","2.11721964494312","2.27224992038207","2.48422114080024","1.75497619649288","-6.31825509209936","4.92309171717903","5.33096379400371","-0.786244288594673","-0.659089573171372","0.615747280959056",
"Azerbaijan","AZE","GDP growth (annual %)","NY.GDP.MKTP.KD.ZG","","","","","","","","","","","","","","","","","","","","","","","","","","","","","","","","-0.700000175699572","-22.6000003264444","-23.0999987188387","-19.7000012399238","-11.7999991076818","1.29999940463827","5.80000014795783","9.99999961153691","7.40000129958564","11.0999991434346","9.89999986533643","9.43891626906561","10.2082994004776","9.25380179728907","27.9615381082131","34.4662096226792","25.4632157314482","10.591437462476","9.36950260277183","4.78883248761557","-1.5729973511111","2.20293891708398","5.84341590483928","2.79758521448559","1.04954641215085","-3.06359842251706","0.153614661745507","1.50040167167313","2.47980879185565","-4.19896065333343","5.61644027150554","4.71468033247649","1.35447749115767","4.15806800428062","1.44985591122698",
"Burundi","BDI","GDP growth (annual %)","NY.GDP.MKTP.KD.ZG","","-13.7461350539839","9.06315793386563","4.13540742185575","6.27303790087062","3.96722560928015","4.61299289557684","13.8215186020874","-0.297883673472171","-1.45954114245622","21.3256707328654","2.74682871213831","-6.40396492407875","6.88905071896333","-0.726839562746335","0.697920236215197","7.9426609761414","11.4694530439125","-0.940575988409648","1.66495495023543","0.991055725106477","12.1632755698283","-1.05359982021012","3.71532699139112","0.155544004959737","11.7831801786654","3.25018045970241","5.50309611952244","5.03102436749121","1.34950223651784","3.49982213611253","4.99683644792125","1.00999837099629","-6.24000000139047","-3.82999999619828","-7.92000000374772","-7.99999999794093","-1.58999999685828","4.74999999509613","-1.00999999649815","-0.856864058424151","2.05580710835243","4.44651941224797","-1.22372796023444","4.83365776809453","0.900000000901912","5.41380714491444","3.44449364663615","4.90874190813545","3.7870758305051","5.09373697323055","4.02442793864228","4.42303118490126","4.92392485117456","4.24490803087248","-0.404525595204191","3.20017470408993","3.83185757061784","5.34224473186408","4.45934202358784","0.306443811651718","3.23707479372925","2.31770122350822","3.25476897326196","4.11227376394912","4.24010529884178",
"Belgium","BEL","GDP growth (annual %)","NY.GDP.MKTP.KD.ZG","","4.97842290203951","5.21200316192976","4.35158439272112","6.95668500485647","3.56066018685455","3.15589488893686","3.86814722361169","4.19412943238677","6.62980009162366","6.35267229121293","3.98582719666759","5.29560467072521","6.38170179993882","4.56525850850306","-1.96594188277651","5.65274606308233","0.626154572057786","2.84189681697329","2.34107304540791","4.44405389248001","-0.279283585394069","0.594986767578831","0.311843009473307","2.46638245146747","1.65179297063331","1.82276203316596","2.30665968936027","4.72320872854138","3.46916697570174","3.13740221731629","1.83307441343001","1.53065475142162","-0.961873076923027","3.22697145426247","2.38475724870135","1.32143214432601","3.79367165541437","1.96183240455609","3.54271798823922","3.71670510672588","1.09960362419645","1.70689430349601","1.03795518162204","3.57120671942319","2.32173792911834","2.55234087322462","3.67692462515802","0.446905130727231","-1.90644105515335","2.71031150254662","1.93115502411325","0.215803612089744","0.305494549070232","1.76554038149924","1.47416433731927","1.19350273007754","1.47446761556785","1.87796847383565","2.4428900448156","-4.7929839083518","6.25445686466593","4.02460852835887","1.56125539542029","1.09775383828703","0.983117967125935",
"Benin","BEN","GDP growth (annual %)","NY.GDP.MKTP.KD.ZG","","3.14128045641213","-3.42640982098587","4.7300279709188","6.65075912824808","5.29386282871174","3.57586273248711","1.07839866664565","3.84233563459493","2.87749797403703","2.09775758051059","-1.4968418264467","6.4263675448305","3.70616531907105","3.33931215742955","-4.89534544658655","0.884356332845641","4.98366372995041","1.25507802775073","6.53574741502341","6.78176386785228","9.95423116708119","2.23506634402393","-4.34782273516674","7.92983956551727","7.53032483806271","2.17114159792595","-1.50000295231442","3.40524529583226","-2.85416049622336","8.9761343599898","4.22579942071668","2.95771082720395","5.83617208501383","2.02040044761662","6.04519865041564","4.32428403131786","5.73468837521307","3.96101213832645","5.34144937204417","5.85771420543269","5.33313570603937","4.64303087074482","3.44357677591658","4.42968455385082","1.71316456361184","3.94373882815798","5.98634932177609","4.89657708429647","2.31929213912838","2.11406472648392","2.96375291904201","4.811223315688","7.19143372144946","6.35767909791932","1.77815106030278","3.33967342629693","5.67156195150444","6.69725362180888","6.86568662848335","3.84879240030133","7.1554516457574","6.25294705373625","6.3527773854442","7.45311566226201","8.07408453688336",
"Burkina Faso","BFA","GDP growth (annual %)","NY.GDP.MKTP.KD.ZG","","4.04392797754925","6.12879878024506","-1.26801637269189","2.28281922375837","3.76454538063129","0.537613083660716","8.82331497485367","3.07077393782897","2.02608104052698","0.117019610679606","1.4133398815319","2.31149874156277","0.449327404480641","8.28642648036377","2.99838289707345","8.53489496068103","0.370353563662789","4.60782499965684","3.66462151207865","0.796878878579221","4.25530339455582","9.56219662181179","0.345984740208507","-1.77869668772937","8.51736499112322","7.9553627287484","-0.236336789143323","5.79559296458005","2.15026727173506","-0.602928477580988","9.06998445877436","0.232710761845951","3.46138493945818","1.31500727210265","5.71637386269622","11.014743869558","6.31683473483768","7.30771963496896","7.39523780111931","1.88847388906525","6.61340574539679","4.35296382988099","7.80249388870359","4.47845213670386","8.66187322841225","6.25316468817478","4.11137901761516","5.79999174105387","2.96195085866692","8.44628157707625","6.62256261306693","6.45267237953146","5.79258484509867","4.32684561452976","3.9212287937935","5.95797670754024","6.20348941121868","6.60456906812341","5.88920497068135","2.01077262406221","6.94252492572348","1.62673258211919","3.00027415814125","4.83395810163883","5.29461839319283",
"Bangladesh","BGD","GDP growth (annual %)","NY.GDP.MKTP.KD.ZG","","6.05816082547616","5.45303096987814","-0.455894289969805","10.9527885460584","1.60625822892978","2.56681200128088","-1.8758639196746","9.48945401549118","1.22085790908322","5.61985229282153","-5.47948302722807","-13.9737287020561","3.32568019881434","9.59195630039562","-4.08821409181246","5.66136120118878","2.67305605004213","7.07383773259727","4.80163460054837","0.819141868916631","7.23394369489792","2.13432783577548","3.88104639980884","4.80331001525171","3.34201465416713","4.17338255900151","3.77240185251682","2.41625685565774","2.83658212908817","5.62225816160344","3.48522781598027","5.44268554966725","4.71156172453999","3.89012644116818","5.12127789724337","4.52291921684423","4.4898964976265","5.1770268731498","4.67015636882111","5.29329471892532","5.07728777526728","3.83312393993225","4.73956739963045","5.23953291029852","6.53594493875502","6.67190498576788","7.05859935449848","6.01378975738535","5.04512479919337","5.57178818533122","6.46437912497728","6.52145877906443","6.01360565834344","6.0610593588495","6.55263987816197","7.11347821270093","6.59024999794057","7.31941263014136","7.88191515117722","3.44801755122445","6.93867912442445","7.09982877575158","5.77511237007889","4.22325911250161","3.48990671836833",
"Bulgaria","BGR","GDP growth (annual %)","NY.GDP.MKTP.KD.ZG","","","","","","","","","","","","","","","","","","","","","","4.90016371130524","2.33456447524753","3.43030746493757","3.39644319100204","2.68343855608863","4.20760266886673","6.05451439469446","10.9446917287804","-3.28988230604452","-9.11737619878788","-8.44535563764769","-7.27238740564677","-1.48021466527921","1.81801189464269","2.90231544397766","5.20547920578709","-14.1153771596692","3.7891144939896","-8.39608774026568","4.58722553234129","3.82370222571771","5.87193134676191","5.23715282493174","6.5104241389717","7.05634916258309","6.80259262432862","6.65438512368812","6.12955885899744","-3.34714308501542","1.55536266288017","2.09017598337418","0.748814556346105","-0.542753400392826","0.949449772002041","3.39755351999294","3.02662820096305","2.74592737750996","2.33015054210419","3.79331964589196","-3.13323543125917","7.82817310703665","4.08386398118941","1.68151075832925","3.38708962009333","3.0963663917961",
"Bahrain","BHR","GDP growth (annual %)","NY.GDP.MKTP.KD.ZG","","","","","","","","","","","","1.60714285546935","11.0720562276677","13.9240506555534","8.47222224387403","-8.83482715024641","30.476297435675","13.0176496171974","3.8622685992858","3.46926802729132","2.58027926574829","-5.31669735282949","-7.55621771215937","6.37637679964371","5.00364604500794","-4.75826853805708","1.18299391598448","10.3990093325466","6.99999164945342","0.364007138161895","4.43799717642609","11.2299982766857","6.68999812735618","12.8700067450998","-0.250001381199439","3.92999239295094","4.11000631738246","3.09299923370425","4.79000359326143","4.29999824426375","5.30006940305884","2.49094875338352","3.34855067103268","6.29644129075703","6.98096175867695","6.76899737789502","6.4669995195042","8.29396129093843","6.24501094995797","2.53988570158225","4.3342989754845","1.92815791170796","3.80302899043062","5.29262224906203","4.30885692657077","2.50787205267615","3.81499327422425","4.95383534123657","2.05258864979861","2.05287774418655","-5.9113629524152","4.35004091668986","6.18016125475185","3.87811614845566","2.89710543153512","3.48137573668635",
"Bahamas, The","BHS","GDP growth (annual %)","NY.GDP.MKTP.KD.ZG","","10.6670974062853","10.4519718914791","10.524055218681","10.5015672000336","10.4255964611444","9.07192872047429","9.59811387222918","8.42176356182298","8.98166256974302","-5.64964950396579","1.62650874068258","-3.49733593905746","7.56756882672917","-16.7542290832579","-14.8031263075446","5.18518497429477","9.15492920885433","14.1795201542182","26.1392957664775","6.49528192098035","-9.22640508127346","6.69889774710882","3.59705186742775","14.1711486350236","4.8291801053918","1.79700023310696","2.98451933857808","2.30970766214169","6.72732980687955","-1.59624908755521","-4.18178502345002","-3.82558229706301","0.307806596011844","3.14891597200189","4.37875203482501","4.22353036224139","1.28775320549799","4.71679855496301","7.14410390677141","4.14841930754267","2.62600982683425","2.70495624731029","-1.26491667612372","0.882373744518318","3.39608420536011","2.51659221712706","1.44609991235758","-2.32364807041851","-4.17542805647342","1.53866248693835","0.613170735890648","4.52003886739061","-2.86320081549439","1.8469701294558","0.997411675486745","-1.15650811269629","3.3713988456489","2.39795510823548","-0.838585871193203","-20.0893664891399","17.5861390037409","10.8779009410268","3.04824180553773","3.37866553336166","",
"Bosnia and Herzegovina","BIH","GDP growth (annual %)","NY.GDP.MKTP.KD.ZG","","","","","","","","","","","","","","","","","","","","","","","","","","","","","","","","-9.34802540730465","-6.43690762214798","-2.18134734859012","11.1319640352363","15.9683009303506","54.199300436288","36.6411285333574","16.6163750921985","9.52156995576404","5.41431598814764","2.42331312996704","5.027444647203","3.86713552011777","6.32526794858342","3.89718320544974","5.41400299607282","5.85911689412598","5.44184730165964","-3.0044555389081","0.865667236280544","0.959511709726897","-0.821837252962993","2.34985873172397","1.15384793371298","4.28413016137854","3.24225822231566","3.24409895306594","3.82900399349064","2.88585242083978","-3.01509335460439","7.39164256472846","4.22681333390325","1.99439414850893","3.22679979810856","2.12861913138053",
"Belarus","BLR","GDP growth (annual %)","NY.GDP.MKTP.KD.ZG","","","","","","","","","","","","","","","","","","","","","","","","","","","","","","","","-1.1999957451749","-9.60000108728426","-7.60000201957324","-11.7000038612152","-10.4000003781854","2.80000456599095","11.4000054007553","8.3999913697987","3.3999992040046","5.80000327485702","4.72530605111095","5.04526758311702","7.04319246586394","11.4497432088167","9.40000151584914","9.99999473022963","8.60000659811426","10.1999994860937","0.199995231733979","7.75001707500896","5.54997471638077","1.70785253368828","0.998719299661161","1.65112470228097","-3.82957056812593","-2.5264464460425","2.53218349471909","3.14919758275296","1.44645548204305","-0.672742918585868","2.43886210234947","-4.65839591328999","4.12654007153881","4.34999638140579","1.29999999999998",
"Belize","BLZ","GDP growth (annual %)","NY.GDP.MKTP.KD.ZG","","4.89227701008051","4.89265226468763","4.95643417667813","4.99987981197741","4.93054100754495","4.77084518419552","4.91312320896799","7.36722545020247","5.1063747050941","4.80769339437559","3.95944112009168","10.2183037621063","5.35189410587191","13.5599852156644","3.59282437676988","-0.034020934426735","6.49659440643893","7.92080717322925","7.51702144443351","12.1087499161075","1.1332973556395","-0.106723585912476","-2.1474358974359","1.97619827492083","1.00642398286939","4.54738181047276","10.7269593429991","9.78848090834173","13.0108423686405","11.3429425965195","11.7787032699319","12.7362233602929","6.13788542592131","-0.0199863391166843","0.731558011871286","1.10530578663676","4.2346158780441","3.89301999542513","9.42319471476534","12.2406120663359","4.99356206143864","5.39907320663811","9.66522679614125","4.78066505273344","2.2191905367057","4.51145460193301","3.33939738340764","-1.62747776449082","-0.446709636828217","1.41741099233461","-0.13007112300869","3.94389321816617","4.06646561608865","3.89226067249989","2.7602602736023","-0.0187414958130319","-1.83323729057784","0.822068592512508","4.25658710030072","-13.5228997055506","17.9899244143607","9.25051329530994","0.500127941638667","3.50466435023895","2.74831731763744",
"Bermuda","BMU","GDP growth (annual %)","NY.GDP.MKTP.KD.ZG","","4.67999996713304","4.47000004808878","1.06999999436341","11.1099999875701","4.76000001552437","14.3636363323149","13.2750397766514","2.10526314278347","3.43642611734707","6.31229233824516","3.43750002134429","1.81268880897692","1.48367952560177","0.877192976380712","3.76811596817137","8.93854746251135","5.89743589354259","1.45278451972824","2.14797134529523","7.94392524610532","2.38095237207439","-5.28541226360018","2.00892858162112","0.481400440554651","-2.00348432837988","6.66666666826173","3.74999999635499","4.05622489892114","0.443844087815307","0.0192122847020073","-3.53438209429358","-0.0597382143839553","3.00856712357907","0.599613366698804","4.39914832996426","2.60047542898441","4.60000084263363","3.90000009423035","3.38264701972184","9.31715641086083","7.22243553752608","-1.47779059768867","3.41070667687531","2.32126722323136","1.67420611410508","5.5438663804406","3.34513970877607","-1.86595582635186","-5.6266977105161","-2.50287828947368","-3.74274431740703","-5.30529910675297","-0.279708545423034","-3.70106759364258","0.775529699568978","-0.657206304259205","3.61141983706115","-0.432801300339307","0.307106461240664","-6.97162571479863","4.76497899668355","6.25695521240877","4.33447280353832","1.88822861970388","",
"Bolivia","BOL","GDP growth (annual %)","NY.GDP.MKTP.KD.ZG","","2.08929594236771","5.57891786210311","6.79762576905422","3.95659653084577","4.91344195525969","7.17058966306622","6.31721951733543","8.52944308831106","4.47409732886858","5.23102930423347","5.06333643861974","7.967485209709","5.73916152572539","2.93956780827851","7.31101773140004","4.6145674859863","4.97121565700287","2.05269456633248","0.133344047803448","-1.37177291052787","0.275616372775957","-3.93873792499589","-4.04212140271022","-0.200665696939325","-1.67638978272157","-2.57388420056624","2.46348461969905","2.90949796034215","3.79013096203738","4.63578742813344","5.26652663501228","1.64649821845634","4.26929615211904","4.66726507417057","4.67827659737812","4.36134197138718","4.95420873383996","5.02935475584462","0.426885378297442","2.50781081484664","1.68379914527159","2.48556576601922","2.7113398065361","4.1732955905708","4.42143313550196","4.79700881067477","4.56438425143126","6.14849787777658","3.35699958346049","4.12672258996274","5.20409245282328","5.12227560125973","6.79601141268498","5.46056949136766","4.85718718508603","4.26392086992173","4.19520633364647","2.86808404814794","1.50672102666863","-12.7194690092717","10.0290488827886","3.74741781241461","2.51636590154891","-1.12335595517212","-1.58237567348246",
"Brazil","BRA","GDP growth (annual %)","NY.GDP.MKTP.KD.ZG","","8.60000000000014","6.59999999999992","0.600000000000065","3.39999999999985","2.40000000000001","6.7000000000001","4.2","9.79999999999998","9.49999999999993","10.4","11.3429219931908","11.9403481162508","13.9687217796782","8.15393868457201","5.16664908406321","10.2571295347867","4.93432806978961","4.96989768924738","6.7595601220408","9.19999999999976","-4.24999999999956","0.829999999999529","-2.92999999999996","5.39999999999988","7.85000000000042","7.48999999999982","3.52999999999983","-0.059999999999917","3.16000000000032","-4.35000000000022","1.03218958549303","-0.54407204977727","4.9246900037071","5.85287036219013","4.22379363350413","2.20886405039022","3.39484598630671","0.338097901207306","0.467937566477133","4.38794944745618","1.38989640095637","3.05346185909312","1.14082899824888","5.75996463670954","3.20213206130431","3.96198871122617","6.06987060678338","5.09419544658736","-0.125812002161169","7.52822581815364","3.97442307944702","1.92117598576537","3.00482266944432","0.503955740242247","-3.54576339269425","-3.27591690782192","1.32286905404399","1.783666761634","1.22077782360842","-3.2767587964736","4.76260437908608","3.01669435393015","3.24165532906981","3.41931516501906","2.2857464902475",
"Barbados","BRB","GDP growth (annual %)","NY.GDP.MKTP.KD.ZG","","7.69652980063537","9.06075860946092","-5.07842107998037","5.00487575497692","11.4348434925182","4.00337124242253","10.6361361469399","6.92182132881096","7.51840479457435","9.50940299137403","3.91272243933396","1.27380067229434","1.34070042405897","-4.65084124049893","-1.90000000274694","4.36021101015125","3.64220575797367","4.87693931117663","7.89300814347777","4.37306481224466","-1.89975157094865","-4.90093847758146","0.501253132832375","3.60037406483768","1.09823980743214","5.10416666666653","2.59096701118531","3.50538227987897","3.5999999999997","-3.30759330759331","-3.89990721506513","-5.69252080356588","0.793068842655458","2.01078208266563","2.0139983230294","3.97647593869304","4.74010359217981","3.72846419786779","0.33465616730885","4.44718949183194","-2.36546415544167","0.787401645449506","2.175481019956","1.411597864066","3.95545709487497","6.07054679359618","2.07918360507011","0.633460425791839","-5.01727544996282","-8.08072121134387","-0.074211165126286","-2.85797051387257","0.195322007310409","0.807325350394564","-0.772620078410995","1.41632446821541","0.654655602860373","-0.252085325827849","0.241099789148677","-17.4059314651747","8.0198770096479","15.9453206225473","1.81419817804516","3.3669492581395","2.70000021764021",
"Brunei Darussalam","BRN","GDP growth (annual %)","NY.GDP.MKTP.KD.ZG","","","","","","","","","","","","","","","","-0.645291579006951","20.8741398285027","9.93403484610029","7.01913426136178","24.3383886941687","-9.70796015870228","-22.3848239984139","2.30152997332975","0.399377358630829","-2.3765936752155","-2.9072440789929","-5.4072203182489","2.08354422440964","-1.53586318506849","-2.72621442462589","2.64307356617202","2.91065603669382","-3.12061882634288","-0.633649658776775","0.992734958938726","1.34729376385607","-0.027315465853718","6.34394499326551","-6.65715931266875","4.26072216266995","3.47467627672586","1.4660608198711","3.9614389000248","3.58342909978997","0.104538372603315","-0.00392531660746442","4.09841257308588","-3.76362326254647","-3.90071101715114","-1.90025367202547","2.74136439456163","3.74440625524871","0.913135189664487","-2.12478292664558","-2.50788727590711","-0.392383749502031","-2.47791771833224","1.32872661057823","0.0523710418528935","3.86884436177075","1.1335733495246","-1.59076260099606","-1.62833154515108","1.12764418162719","4.05251709306727","0.66956214816436",
"Bhutan","BTN","GDP growth (annual %)","NY.GDP.MKTP.KD.ZG","","","","","","","","","","","","2.67710048691288","1.16325709813225","1.46708963632713","5.15826493134593","-3.30732069832554","8.95465028355598","7.90123454990548","7.12651195843857","4.79096734776185","5.0087361630323","15.1222948427757","3.43977385194837","10.4310159400869","4.5566589925275","4.0285329991183","11.3921975985388","29.054323847546","4.76737301961812","7.35556731915111","10.3831179126517","-0.407875722553669","4.60089124887257","1.98636656014881","4.95150372472288","7.07411745757784","5.56517288179062","5.37383854585261","5.91403093576604","7.98397179406629","3.35506838174288","7.32837435673082","10.4437797168913","7.78656040877364","5.15725736177561","6.93507146766659","5.6408051539139","16.1047836542012","4.52944877696235","7.66749238553135","11.9318738376229","8.4892584842808","5.16482012683895","1.73634039505693","5.88108550658288","6.66080128866197","8.47594339232963","2.08684522733067","3.50187185732737","5.75514851246506","-10.2183974208569","4.42136738945015","5.21386783786224","4.63215702969933","7.49856206754038","8.00502716233098",
"Botswana","BWA","GDP growth (annual %)","NY.GDP.MKTP.KD.ZG","","6.34328369916236","6.66666783376763","5.92104509011995","6.83230092114646","5.81395506087105","6.34401910558493","5.92455993122056","10.5670565038251","15.1234047289021","17.120267669479","25.8211072044697","26.3619409491731","21.3031840989689","8.79779521286324","8.44625037668546","10.647376709045","12.0120400942666","14.3328015865318","12.148588922855","11.9869013821421","9.06485746523946","12.1655318563009","13.1467290489757","8.5453836397444","7.12527126873714","8.17292433112134","11.8819281370865","19.4499695097307","13.0594058858571","6.77282195004784","7.45870921940397","2.91707018751026","1.9161070518754","3.62791615172975","7.03041024834083","5.82980001379714","8.32589088396591","0.443663586075374","9.66724070276106","1.98769583378552","0.250573949689084","6.06953087648317","4.62589474959299","2.70582170611173","4.55664565323181","8.36387109282306","5.79255577727118","3.25207295796832","-14.1442346163423","10.119723322694","6.83841052493574","-0.170857099335691","11.1029068737822","5.69714422072884","-4.85132507409779","7.20442475914267","4.11437856445083","4.18869237159223","3.0317733945467","-8.72888243996397","11.9162724376008","5.48601706446772","3.20806812224438","-2.77988981666252","-0.733898323852287",
"Central African Republic","CAF","GDP growth (annual %)","NY.GDP.MKTP.KD.ZG","","4.95355379797229","-3.71380018409685","-0.707010752236329","2.08032459940857","0.947578712256856","0.644783720237797","4.6766131089008","1.40411317693092","7.09154252763096","2.33288087679347","1.13020238405835","-0.000867174831114426","1.888939956294","6.33903361228316","0.404987104042064","5.43251898691292","3.80623491408234","1.2092354194359","-2.46513778468636","-4.47863884794948","-1.54446566470149","7.71578363090393","-8.12651359274568","9.48172665292533","3.92721953798056","3.57797925430461","-4.93898788502545","1.71016528472386","1.97727043451945","-2.14752806574087","-0.552543005101867","-6.42407819946331","0.335275684646064","4.89994941000114","7.20004555751903","-4.00009296364789","5.29993601826074","4.70014237879329","3.59997490432274","-2.48943244028874","4.46473902640867","3.61654219150596","-5.39748521855877","5.99488422798696","0.908210514871953","4.77108543044105","4.60753485452025","2.05413096200485","8.58726042640994","4.63081843223307","4.19461533741989","5.05376125356918","-36.3919770983887","0.0810705153264877","4.33712103020231","4.75031684122342","4.52727821346231","3.78944359275462","3.09999999999999","0.899999996857062","0.982919996264229","0.453901876447787","0.69996840076054","1.49999999847535","4.49950000393781",
"Canada","CAN","GDP growth (annual %)","NY.GDP.MKTP.KD.ZG","","3.16329173248933","7.42783725181209","5.29744007975117","6.65599998250741","6.31719994750095","6.75969011323785","3.06542075476872","5.00827413057785","5.06703238381456","2.91871305007516","4.01884505535331","5.51966992842571","6.72864152445543","3.35777594002199","1.5454033371204","5.88927591475903","3.53482658557137","3.73597640512338","3.72519945403704","2.17719922747995","3.41506517464589","-3.16615029457148","2.56225365883793","5.89856946503677","4.73768071614444","2.12148088392294","4.07201567327779","4.41083906453277","2.33732982035617","0.202947848289654","-2.09105516498515","0.890466243956382","2.65770683842972","4.49404933882288","2.68232826962129","1.68896122145787","4.28016680422402","3.89288658501088","5.14100348449622","5.13853918994158","1.87509813099847","2.99925533832644","1.8063851195103","3.09236381038156","3.21045441502793","2.63794375302722","2.04990459443619","0.995406371264522","-2.91508627059555","3.09080633744851","3.1371944343876","1.75566133205234","2.32581356612762","2.87346675579731","0.64997101491096","1.03855091989323","3.03383491841392","2.74296341402246","1.90843193887251","-5.03823342794087","5.95052804984759","4.69541985045903","1.95308552199025","2.04626605401701","1.74268536175708",
"Central Europe and the Baltics","CEB","GDP growth (annual %)","NY.GDP.MKTP.KD.ZG","","","","","","","","","","","","","","","","","","","","","","","","","","","","","","","","-10.8722546446007","-4.93535817123706","0.20890200976153","3.68848337311054","5.71173594965362","4.4861798840989","2.23516059461093","2.6337710699065","1.90105290427461","3.94617050688508","3.0053964950888","3.54235272119556","3.9968763320081","5.87405028858834","4.90989973946046","6.6405738972018","6.33884003829688","3.96223002088354","-3.62223808148092","1.53847163388305","3.60057081921423","0.837973326874717","0.667909229803371","3.26192805394494","4.0016836383322","2.80724942330426","5.10713071566526","4.95337220818838","4.03232614160713","-3.30110758026468","6.57271679525719","4.03989151407053","0.720328299990356","2.09534007010555","2.36701156809835",
"Switzerland","CHE","GDP growth (annual %)","NY.GDP.MKTP.KD.ZG","","5.68129275501126","4.25904731066512","5.3279337607149","6.82116455221615","3.8215074888714","2.09084417658971","3.36538853101615","3.63850584213618","5.00907522318819","6.47367386674536","0.944646267325481","2.28873880124212","3.96798105498392","3.19819566983648","2.55286257007239","1.05810474369396","-1.59625851921649","1.75154796226502","3.84000338120771","1.69997141281395","0.454830406055848","1.24866463987856","1.90063878642042","4.22953538456656","2.16037367780808","2.69132308579346","3.35384287267485","2.55903865202789","2.65480684650132","0.754674850871268","-1.14597481735849","-1.15859267203984","-2.06561631523785","4.01576592867781","4.09438994746239","0.560166924751584","2.09761680316545","2.77611373648112","1.68007571116809","3.63321673470911","1.59219781357001","0.380410134195273","-0.284222357857615","2.58692895529093","2.95208487460334","4.13432251467916","3.98319384807056","2.53159615417233","-1.93490944903913","3.26063082122047","1.40766067483813","1.12413575027705","1.83612392927999","2.54342347675991","1.45450336491099","1.91159094214852","1.42034612231261","3.32743256101493","1.11532187197474","-2.2552579425106","6.17622836050151","3.53430286842426","0.825560934124624","1.39033363875791","1.30007790958307",
"Channel Islands","CHI","GDP growth (annual %)","NY.GDP.MKTP.KD.ZG","","","","","","","","","","","","","","","","","","","","","","","","","","","","","","","","","","","","","","","","","","","","","","","","","","","-3.60663231572742","1.12504310895372","-5.75366122139113","0.493931120528785","2.42710178482311","0.374367083829384","1.21302407657195","1.80648131383585","1.1222435658518","1.57335596156342","-8.89677926591959","9.93680136985076","5.34196140375869","3.71500590367266","","",
"Chile","CHL","GDP growth (annual %)","NY.GDP.MKTP.KD.ZG","","5.51961070344885","3.93078479110629","5.68667190016438","2.46113427734542","0.670838636062939","11.4634218589357","3.58811073177469","3.57371701447551","4.10317976748962","1.69447257971353","9.57107393842624","-0.712365918422577","-5.03775611682208","1.2495800122858","-12.2737621533613","3.60469484521828","11.1491944807539","8.02682491365691","8.43582175738598","8.17228334347537","6.71863895635887","-11.5020620535762","-4.9352297090374","3.98371018713553","3.55239860775048","5.40556438635799","6.73884253090458","7.35081069623416","10.3583568690228","3.59872304691744","7.75620189312957","11.5019314370192","6.6855844008042","5.07680374667352","9.25542757753573","7.1148626270751","7.3917392684331","4.18088662700669","-0.2736313981937","4.9716214882971","3.15403492459967","3.20279913520113","4.72324526861041","6.67425416822923","5.83704571917758","6.04999082563968","5.16823098528431","3.78939280635238","-1.11803723642878","5.85165102224047","6.22389678509138","6.15534001855494","3.30850824710085","1.79264947139259","2.15194249981184","1.753038749071","1.35769537343957","3.99002947789977","0.644223402631923","-6.1396969411886","11.3374032409913","2.06391864254198","0.677024831595858","2.80512637106611","2.45925474781374",
"China","CHN","GDP growth (annual %)","NY.GDP.MKTP.KD.ZG","","-27.2700000038883","-5.57999999019671","10.2999999963989","18.1799999938203","16.9500000038699","10.6499999984174","-5.77000000405148","-4.09999998647768","16.9399999960609","19.2999999967022","7.05999999853672","3.81000000021984","7.76000000084325","2.31000000294736","8.71999999747992","-1.57000000165326","7.57000000138403","11.3269542129809","7.59480175999998","7.84141706847441","5.11486309071954","9.02434347373044","10.7718383060041","15.1921349118079","13.4284820016509","8.9437463904392","11.6552658383921","11.2209115803492","4.20785693658392","3.9225195692421","9.37563237902144","14.2976226152779","13.9261028311995","13.0827122987906","11.0154136659719","9.97328781228394","9.29759460595947","7.92354535108497","7.74123827728161","8.57357328926101","8.32404695347056","9.23604870383861","10.1138119025242","10.1404291872206","11.4535130030645","12.6752842281595","14.1507710506103","9.66877608164454","9.40610014336416","10.5916903885704","9.46205248298186","7.8578201481217","7.77842954757257","7.46100735778161","6.98162255562367","6.7736886867727","6.89123916636191","6.757806142324","6.06737806333672","2.33950385203023","8.57038414981781","3.13385438394069","5.41600334492955","4.95830378788091","4.95994886240992",
"Cote d'Ivoire","CIV","GDP growth (annual %)","NY.GDP.MKTP.KD.ZG","","9.93255515611813","1.22699449007209","14.490355865667","17.6130878299454","-3.10965427332918","11.5773596880237","4.59815178505383","12.5482486395257","9.53921877056503","10.3750318437426","9.45663766175453","4.23662501175109","5.93919753616822","4.3273808575466","8.25288636734977","12.9163974375478","7.31445915354267","10.9094536523705","2.39440746193296","-10.9576972637217","3.50049890850418","0.200822346671046","-3.90024044138104","-2.70126143487833","4.50122318068745","3.25934876606091","-0.348972913938866","1.13648396562287","2.94800494335441","-1.09590841238308","0.0409251717252914","-0.244560610691636","-0.192485098607804","0.811206679935481","7.12574472834217","7.72932741916973","9.6488400474633","4.26390594437231","1.16685998202273","-0.265789462275947","-2.15401249077306","-2.73052647441901","-4.72586658630681","3.18503822575397","0.996065564854788","2.81557859252327","1.10142976793477","4.7826659787672","3.60332156667053","6.84804939907013","-5.37044724000579","7.62041176451649","10.7602131311256","9.37199994240375","7.19494942728191","7.17275963956332","7.41076242592504","4.84314605889178","6.72137167584978","0.699728593494228","7.06253713446816","6.39988362730921","6.60000045209176","6.0195346193922","6.4999999999999",
"Cameroon","CMR","GDP growth (annual %)","NY.GDP.MKTP.KD.ZG","","1.18368081101198","3.04155905079301","3.74255032074073","3.54715969490351","2.0260537150391","4.61495561904862","-10.9120655887773","6.34632385376702","4.90147952428066","3.09206823386914","3.47970781665525","2.67384329318293","5.35568077910243","10.7342622580316","11.2450587758471","-5.49513839744186","13.7398715230551","22.0030049229664","6.03511877346806","-1.9652916680455","17.0826822487652","7.51620260513882","6.86683056547592","7.47457254362303","8.06316167125891","6.77166308397663","-2.14665021536007","-7.82363197491021","-1.81912051186825","-6.10569764600656","-3.80859937279318","-3.10000321081914","-7.93206657447536","1.87680922580404","2.89400137739698","4.21507214953058","4.52731376625037","4.72553484802563","4.51130422140731","3.83241779430614","4.32426119221549","4.47702683369155","5.45315368881347","7.04886281858374","2.22827020924117","3.80958327566137","4.32758900972871","2.8476778892105","2.57925177738754","2.89902472122014","3.37921128506045","4.62597872209571","4.99552916130783","5.71981814509198","5.66695298703932","4.53579423678801","3.54117654926007","3.95551423892049","3.47505998194981","0.259932915907115","3.33885747179505","3.7367840056412","3.34756290750219","3.52472308052245","3.20000015616144",
"Congo, Dem. Rep.","COD","GDP growth (annual %)","NY.GDP.MKTP.KD.ZG","","-10.8513760836338","21.2006975148134","5.2139901343489","-2.44022356449143","0.997348793527394","6.77548530172196","-0.985738661488043","4.33269846401923","9.32883743855484","-0.245056575086338","6.00501806737552","0.151135513789086","8.13727588740186","3.13058587923626","-4.98163100525392","-5.3090020809714","0.760793601550787","-5.34529152756241","0.430088262092724","2.19491292367724","2.35052407486099","-0.457677608961589","1.411703688263","5.54107402196998","0.46785095094603","4.71720965340853","2.67564245126937","0.470381336748687","-1.26605063560959","-6.56831069464245","-8.42105149945634","-10.5000085643684","-13.4690505375185","-3.89999680329032","0.699998829765505","-1.02317264257401","-5.61704659890269","-1.62415404433756","-4.27014083054951","-6.91092731714194","-2.10017302429294","2.94776518253177","5.57782231227127","6.73837393320788","6.1351511550716","5.10894433184896","8.58332298445387","7.43333574200602","0.541570197421564","8.61867717510543","-0.403164081254445","8.66859360586926","17.5159124688348","7.30227750870263","6.35973756164829","0.393832798154563","4.24121047272719","6.07168870646615","0.555384294580819","0.775427992354622","6.42961005647355","9.31116944064918","8.5334898318451","6.1025294442863","5.75924471639999",
"Congo, Rep.","COG","GDP growth (annual %)","NY.GDP.MKTP.KD.ZG","","8.35072672427799","5.20230878797427","-4.02930039798804","3.81679626842326","3.67646773649125","1.35898246232004","2.11627205671408","7.63132623875093","7.54852519466465","6.35847018696658","7.75303585308524","8.61755084484118","8.231188946413","7.88552081113494","7.73159683364941","0.916286751103684","-8.95342798038182","6.3597470112115","9.81322473809402","17.6366054827611","17.6197224701567","23.5976999601492","5.85396283993704","6.9761310544814","-1.18566085432533","-6.86152643665193","0.189376640368906","1.76626342847234","2.59987651814491","1.00000356627487","2.39536745255616","2.61194805533871","-0.979683208744774","-5.49307574541402","3.9853243781107","4.29048155870402","-0.624812152260716","3.73755276980884","-2.58219935813743","7.5759803952642","3.80260189913561","4.58187006108889","0.813264076303781","3.47663162118089","7.75575897806648","7.98623836334291","-6.61399480441001","6.30637595585259","11.6372888615758","9.93126543095578","2.20591936286718","9.94715314257564","-0.712434451876447","6.64606540928447","0.415193061293763","-8.68524343913786","-5.59477371915547","-2.30431780125842","1.12447391976529","-6.26777227963225","1.01507036990908","1.47535613247133","1.90686426346754","2.09998918002519","3.08292728120063",
"Colombia","COL","GDP growth (annual %)","NY.GDP.MKTP.KD.ZG","","5.08921698439107","5.41188961342047","3.28670755407101","6.16694132350723","3.60001138983772","5.23673586229452","4.13486416579858","5.93311799878289","6.10251730873333","6.20779696127698","5.9607279462907","7.66914754440097","6.72295496919133","5.74575718912141","2.32325528115796","4.7283687345395","4.15850545346419","8.4699008376688","5.37911898820207","4.08735367550767","2.27687274512178","0.948420786604515","1.57395603843689","3.35068373940706","3.1071061957296","5.82407613745866","5.36893214821323","4.06417324490376","3.41409610966596","4.28199833053058","2.00160759559029","4.04492943933556","5.38540993901029","5.81466190724336","5.20243759278655","2.05585471287195","3.43029367788374","0.569784088434517","-4.20401524244947","2.92486148176778","1.67789830787579","2.50398046659659","3.91827190322513","5.33302206759905","4.82876110773741","6.71686869844402","6.73819469090975","3.28344618616541","1.13964864548062","4.49465897070922","6.94789198173555","3.91263576716115","5.13399351995672","4.49903000110972","2.95590137527523","2.08738250162794","1.35936086788746","2.56432428277704","3.18685539245533","-7.18591413760859","10.8011981904878","7.32827729427979","0.841819555752039","1.49330728771066","2.64201548985928",
"Comoros","COM","GDP growth (annual %)","NY.GDP.MKTP.KD.ZG","","","","","","","","","","","","","","","","","","","","","","5.46198458727258","4.05790550805429","3.09306338155623","4.16654475231881","2.77913541754444","2.07103502558049","2.07774404121217","4.9705961043117","-0.917059811290571","7.33881096130857","-6.16697445150861","7.35801529393501","2.5473458344995","-3.98651752857747","5.63727928670581","-0.510368828932258","4.41042562590719","0.0250407992332242","2.69768646408839","-1.00701887109655","5.41959971808741","4.59768263263243","1.93442812313498","3.10041210399676","5.66520240193151","-1.75444679449394","0.803599788247752","3.96461118871815","3.24074074074075","3.77776673684423","4.14350668765977","3.1684098843342","4.46624729869704","2.10665760321017","1.14735632260047","3.3204465548877","3.81576287489548","3.64245114733689","1.76078023564568","-0.195556841918759","2.04245238320844","2.45381174550259","3.1866131800554","3.30071498500033","3.7544428489181",
"Cabo Verde","CPV","GDP growth (annual %)","NY.GDP.MKTP.KD.ZG","","","","","","","","","","","","","","","","","","","","","","8.45156240751683","2.82503008527617","9.52074975154451","3.78327068402049","8.64208661528207","2.87145542241004","4.30906373191068","5.99685491429432","5.69794936616317","0.692171874476983","1.40414698106899","10.9376469895221","8.70831156568961","19.1826416318144","14.2116362469634","11.3465247642174","11.1184260583756","12.5172857879884","11.2226484455351","14.2848688450919","2.23165454528898","5.25089116960211","4.17625932578332","10.197072633926","6.91245795720201","7.98375044795048","15.1706879735517","7.03901129565128","-1.50358672385678","1.83641914989978","3.92471821338283","1.08364848376166","0.632136727385131","0.696666840118581","0.936026507808833","4.28071482662371","4.5513148102974","3.70696458310842","6.94782634051859","-20.8052758990735","7.03353010694514","15.843675684642","4.7947613911073","6.98888280991075","6.29698518253096",
"Costa Rica","CRI","GDP growth (annual %)","NY.GDP.MKTP.KD.ZG","","1.8792765563641","5.44239137528257","6.89892344200919","3.65904831413995","8.1905275942481","6.96931903096751","5.65012592038399","8.47330434699469","5.4917999425584","7.5031343433506","6.77850542642196","8.17804513351513","7.70891581191245","5.54489999097116","2.10007104948495","5.51756440295593","8.90447443155162","6.26768682442558","4.93912395498315","0.751895403326387","-2.26165550729671","-7.28556884666179","2.86299270239465","8.02410790730326","0.72160172926823","5.53625084315684","4.76453327969504","3.43214737968852","5.66597554871322","3.55306336572279","2.26565496296189","9.20110358278828","7.09719089594824","4.51902842051615","4.15395329584814","1.35045951266757","5.47616597492105","7.08853729218445","4.147800457203","3.80207210664838","3.49117013515725","3.41687615891895","4.31718000096654","4.42459978667458","3.97666631433462","7.3266951372695","8.21513209207497","4.73817511214847","-0.87345608994562","5.36034347722267","4.40315921836142","4.88259252932575","2.49476596233289","3.54210997703849","3.65208093006359","4.20432320775184","4.15769914676933","2.85285959760458","2.70813912948329","-4.14159340574358","8.21817953969082","5.46119455235068","4.79187732359398","4.08292444182048","4.56033547844829",
"Caribbean small states","CSS","GDP growth (annual %)","NY.GDP.MKTP.KD.ZG","","9.65509258590455","5.39451861278224","2.11595080469607","8.08519930302755","7.11402945480715","6.87585181528753","6.69256986057485","6.16637814812555","5.94918134871538","2.17716106590267","2.36643234790466","1.02895400939904","2.45474486459128","-2.93088930861768","-1.71433769830169","5.34501355640413","6.69818192972558","7.94000713554949","7.46361770550068","5.18925562093659","0.353537730442469","0.472196662104608","-3.56417278440514","1.93673524131601","1.08248630475416","1.37192941912114","0.158924054273641","1.73548448807853","3.18637420537114","-0.342806466922113","-0.0735969932616314","2.0157185979736","0.464462308978256","3.33087307594712","3.07825727951709","4.91094996356456","4.61490288828247","4.9139559451461","5.04316924724031","4.6905109207957","2.08502356162616","3.97263487854183","6.08516854277062","4.64890987061356","4.39368382787195","7.8259368156711","3.84066022512839","1.69605989900055","-3.39775809838443","1.18336086368814","0.914568192401248","4.11419015906178","1.56870134511247","2.59734828019873","-0.064034306514273","-3.08739815275796","-0.750655745538538","1.31016136681117","0.865089017714141","-9.27326845637317","7.23640467044548","14.7413556305504","8.80514656985758","13.3281652583601","7.97505570265018",
"Cuba","CUB","GDP growth (annual %)","NY.GDP.MKTP.KD.ZG","","","","","","","","","","","","8.58385901163629","4.82668584313927","3.43448853582437","0.984491815760862","9.47642606915934","5.4279604586732","8.7095028615293","6.59599856337493","1.08818330173155","-4.84944295088555","19.6883343337449","8.91823496493072","5.4114707238347","7.92971651513383","1.59667459807866","0.0953033856467584","-2.40217253779804","3.70553990905537","0.680083233154079","-2.94856494503389","-10.6926971084884","-11.5806030812698","-14.8781806947595","0.716930310416799","2.45720117243687","7.83874965899149","2.78342504174314","0.159146052326719","6.18875530352257","5.9147601740486","3.18502990449461","1.42482126141282","3.79274022304334","5.77053807021559","11.2016564219094","12.0658631129953","7.26213696647943","4.11682804164681","1.4513054307407","2.39035229650723","2.80230083647626","3.01490028898772","2.74760256257211","1.04757663187654","4.4383335888395","0.512843095700745","1.80979178380274","2.24794852913217","-0.163087223606624","-10.9494359030206","1.25448735650322","1.77465227724316","-1.92937123169681","-1.06173273220524","",
"Curacao","CUW","GDP growth (annual %)","NY.GDP.MKTP.KD.ZG","","","","","","","","","","","","","","","","","","","","","","","","","","","","","","","","","","","","","","","","","","-0.695753704098053","0.397065216763636","0.288186681651752","0.208461073109362","0.676425345201665","1.63593468987035","2.46996322836787","2.18804308019168","-0.531308242338184","0.0823066088131412","0.50845748203723","-0.34895082430242","-0.635696907591139","-0.637397373327133","0.458151544160046","-1.06770848655277","-1.2762081008495","-2.10411133101029","-3.20613230348162","-18.4384696124769","4.18371018614259","6.90600055461097","4.20199929761131","5.02690015475606","",
"Cayman Islands","CYM","GDP growth (annual %)","NY.GDP.MKTP.KD.ZG","","","","","","","","","","","","","","","","","","","","","","","","","","","","","","","","","","","","","","","","","","","","","","","","3.16262522652799","-0.357401201092983","-7.20048244664706","-2.71563526217577","1.16906219839106","1.22975365701149","1.27933101999021","2.65452798451271","2.8331222262961","3.23997433895669","3.18404592334522","4.26726745249641","3.91563534249416","-4.95480696516726","4.86941655353661","5.66079366938135","5.80436961198644","3.75641197192778","",
"Cyprus","CYP","GDP growth (annual %)","NY.GDP.MKTP.KD.ZG","","","","","","","","","","","","","","","","","20.2662921730549","16.3620009518905","7.77740335290346","9.90556937510574","5.75324469989047","2.51699845757433","6.02170898668292","5.58218169389765","8.75789438628422","4.8825407627786","3.70395029052595","7.06525081643719","8.6467778500465","7.94742552608687","7.40399951139527","0.739501434263062","9.39999830664647","0.700000765065823","5.89999928523103","8.36246885710111","1.24854147527125","2.64093066351474","6.11088294947106","4.99795469482918","5.96530445494226","3.95256258200938","3.72297491128981","2.62329962315329","5.02627226665527","4.85298762175586","4.71378358593959","5.09822614854798","3.64698922103939","-2.01508203683694","2.28267100119788","0.416711868408683","-3.44738151374587","-6.58747751118347","-1.77605867728616","3.41892038889013","6.57359080924678","5.75083236554525","6.27166360056404","5.87559583386607","-3.22063018637567","11.3975590801512","8.73854684881674","3.62045368236082","3.94076934447787","3.77325347982725",
"Czechia","CZE","GDP growth (annual %)","NY.GDP.MKTP.KD.ZG","","","","","","","","","","","","","","","","","","","","","","","","","","","","","","","","-11.6149423646776","-0.506542343116848","0.0619042423607254","2.90930948412982","6.22140598863832","4.16858426915319","-0.595838414214853","-0.393150193750415","1.37836060943835","4.010669619984","2.9172195289956","1.51345949139996","3.300836832613","4.73633969683438","6.37502886086791","6.62317299177447","5.48882595164517","2.61226807205139","-4.79832416684926","2.71466509907701","1.77238085338473","-0.770668190622743","-0.0418124160447491","2.24521219862635","4.95875848915604","2.58087013921376","5.17356529967881","2.83030588267866","3.56577658128261","-5.30487955463876","4.02901832055149","2.8471706583814","0.0475803308973752","1.25131096245923","2.58046673293437",
"Germany","DEU","GDP growth (annual %)","NY.GDP.MKTP.KD.ZG","","4.29843950975808","4.6234710102125","2.73529643602564","6.63946989651858","5.24416402432635","2.81218130587229","-0.330256452713016","5.66877310370654","7.41810273162662","5.10314457629295","3.13269976979846","4.30034129247663","4.77748690945469","0.890068699312494","-0.866738936529003","4.94925843456397","3.34721808033223","3.00849288842491","4.15036333786591","1.40882864441943","0.529240541969116","-0.394840735634787","1.57241014192158","2.82294783585535","2.32793520067574","2.28733925852798","1.4021515883601","3.70723567991882","3.89655170553733","5.25500610110028","5.10826150190911","2.01361340926105","-0.973033082340891","2.59685569693275","1.50499384201356","1.0378755674358","1.85432238398302","2.09561231172233","2.12957016297766","2.8765231247659","1.63614170690956","-0.228255715793637","-0.529801394291297","1.16208684507278","0.885485292551564","3.86668241523209","2.8891174138025","0.887902330743628","-5.54455451920674","4.13463778522758","3.75796884489337","0.463512036709204","0.396995583779145","2.18018602168017","1.66300602334775","2.22222216259371","2.797906720551","1.13569604599849","0.977734697038784","-4.13191443239947","3.90999994204108","1.8092581243061","-0.869647578573321","-0.495851897260366","0.239578342117881",
"Djibouti","DJI","GDP growth (annual %)","NY.GDP.MKTP.KD.ZG","","","","","","","","","","","","","","","","","","","","","","","","","","","","","","","","","","","","","","","","","","","","","","","","","","","","","","","7.19298728463697","7.30898563450799","7.1234323372872","5.458091517212","4.77433934943193","5.54508081154978","1.2021151728969","4.40715667561153","5.16653702854374","6.80733529403308","6.98048467276334","6.4954610524268",
"Dominica","DMA","GDP growth (annual %)","NY.GDP.MKTP.KD.ZG","","","","","","","","","","","","","","","","","","","10.5357457303524","-18.3592854062593","13.3831821469051","10.829331110484","4.12768352803022","2.55631790150646","4.19664686909995","1.42093316227962","7.07335660054757","6.30756102261223","7.81662301716332","-0.191136403056177","5.41798351146888","1.3477691598669","2.02941338180298","2.16142138921818","0.034477526872962","3.0308658627128","3.10419572470771","2.18562742404438","3.77423043853915","0.354077659205259","2.3402193777688","-0.0638434428881567","-3.08742052359268","5.80495468629533","4.09783662273917","0.915286472779144","4.40077479812059","5.3579375575878","7.12131217762231","-1.13575145648322","-0.105610857694984","0.0427388878891435","-0.15739179314221","0.0045039972976042","2.33521742067693","-3.37338262476895","1.44724556489263","-7.5443637547282","2.964010610466","3.94809757938053","-15.7064024545862","5.37983838954712","10.3968076616121","3.65221012208734","2.052738472526","3.05243763087539",
"Denmark","DNK","GDP growth (annual %)","NY.GDP.MKTP.KD.ZG","","6.37883241469532","5.66682208755829","0.637021221129984","9.26993821028159","4.5552548590879","2.74091007045041","5.88623124121932","5.85299737649714","6.79912047392293","1.85600172758038","3.17782168196071","3.79759816845579","4.71949291132046","-0.964267384329801","-1.40989953291778","5.99340195153275","1.98543025474245","2.41699354282181","4.05329979126334","-0.751430002361559","-0.740986389012875","3.89211245643591","2.65480394401855","4.33934505132922","4.15308383294486","4.73340611933794","0.462955829960563","0.272951118976223","0.697173210370437","1.66026774169177","1.45818005306188","2.0228112415746","-0.078900412805325","5.29469615156448","3.03802150461165","2.89575069230459","3.16848143784479","2.32630274538961","2.96730536257029","3.72400899471576","0.95003224600012","0.456530018779986","0.441091006625101","2.77635180744053","2.35960882992528","3.81648769908172","0.987173815945127","-0.417178439991005","-4.97447905669058","1.58289703108802","1.3108037609606","-0.00543230161670749","1.39267343161971","1.27799983192831","2.10441456445301","3.07304549209093","3.05647723922718","1.8600074900921","1.71140093932736","-1.78010601831291","6.50025445756295","0.443832614908331","0.604587766175584","3.47783593140312","2.92843280014236",
"Dominican Republic","DOM","GDP growth (annual %)","NY.GDP.MKTP.KD.ZG","","-2.31324874995215","17.0472409332998","6.5029026339739","6.76486511640719","-12.4818339161578","13.4633448325871","3.32754228723313","0.238860484696033","10.8914458307792","18.2266828796502","10.8714660681825","10.3941640767605","12.8957637251018","6.00190290333001","5.19325335716054","6.72812264197154","4.98178395087527","2.14068467652768","4.53139921679188","7.96873850744203","4.27986747952673","1.69870863097844","4.62794634845423","1.25289597452468","-2.12253497623708","3.52199319901496","10.1173673617477","2.15596333107848","4.40053881491089","-5.45431239511254","0.944138889056532","11.2374641300752","7.36669526975602","2.59378305986246","5.69998859173715","5.96119319380874","8.89955230035797","6.70585570778992","5.95651024999543","4.65172550299128","2.46937023763239","4.48650367045651","-1.34935744782766","2.58556667449577","9.43178931977285","9.17120650955299","7.41840577774235","3.26808671288212","1.00345293018719","8.40114541209596","3.19196227475523","2.77567100848816","4.93473300709881","7.11122629673892","6.98771131236387","6.71974078681295","3.93386176401576","7.09751640210159","4.8940301149584","-7.92905234231061","14.0124289062207","5.23795652902595","2.19229848237939","4.95352204492849","2.11739113534632",
"Algeria","DZA","GDP growth (annual %)","NY.GDP.MKTP.KD.ZG","","-13.6054413245993","-19.6850418256566","34.3137287803281","5.83941300772857","6.20689821107077","-4.80497094328264","9.45296256280155","10.7962385711022","8.4332802824936","8.86265711007658","-11.3317191682878","27.423969480425","3.81317629611722","7.4949177045299","5.04534161267209","8.38675648442262","5.25858598646316","9.21483570068075","7.47782655144202","0.790606971852654","2.99999608841746","6.40000411483896","5.40000302451797","5.59999652938126","3.69999725488672","0.400001002799627","-0.69999752622347","-1.00000549065851","4.40000216059909","0.800000580174981","-1.2000005864423","1.80000230253509","-2.10000075697259","-0.899996552970833","3.79999479063817","4.09999847167964","1.09999993684249","5.10000361107312","3.20000155319546","3.80000000158476","2.99999999863043","5.40000000000001","6.50000000062043","4.49999999976698","5.39999999969525","2.89999999905852","3.10000000128674","2.49999999929371","1.19999999969519","4.80000000093564","2.99999999941909","2.40000000034432","2.60000000061164","4.09999999866501","3.20000000089023","3.90000000017621","1.49999999895587","1.40000000088281","0.899999999219148","-4.99999999908597","3.79999999900707","3.60000000094915","4.10000000005964","3.69999999907979","3.815543719231",
"East Asia & Pacific (excluding high income)","EAP","GDP growth (annual %)","NY.GDP.MKTP.KD.ZG","","-13.4344045751135","-0.671882573266274","6.46289022242696","10.8314233341795","10.8232227844316","8.02103841560726","-1.45214525661203","1.73284297813565","11.4208682798762","13.4819230456563","6.77598400854318","4.89570784906439","8.26290588161362","3.92054421848964","6.7221170857578","2.756190505473","7.47121269600338","9.18839333705861","7.01875053246326","7.47025436723096","5.57489190162173","6.42589380561292","7.70481841765573","9.99917644435956","7.92762799469524","7.14950492356228","9.19211808542674","9.7752673391734","5.68694500135824","5.14238308265496","8.10337883517282","11.249763473547","11.3124169387854","10.9554431152616","9.92524643755659","9.10426714169775","7.4029709760437","3.00545590611354","6.45424531750574","7.71948073910235","6.9886487140419","8.1495625514987","9.02065430556848","9.15582609885088","10.0457997513716","11.0706988715604","12.4522417096462","8.64761844843865","8.01868331119975","9.89414087548133","8.58533451743794","7.58043870245959","7.31723526739178","7.0222319266325","6.66372817923681","6.50852874508779","6.66666534648019","6.53800447051142","5.88489228328295","1.34340856610488","7.72023040471529","3.54917734794495","5.26014161362973","4.95407477892253","4.9444935536329",
"Early-demographic dividend","EAR","GDP growth (annual %)","NY.GDP.MKTP.KD.ZG","","4.74403520372697","4.17311313637769","5.27497778885953","8.45181204415846","6.0844322753458","4.24214930390099","5.5711239689192","7.23083666303152","6.5580392246175","8.40861393436607","5.32765908682006","6.64946197901858","7.04961369132204","6.78951411347457","2.8949807596096","7.01130990729266","4.0259013946598","2.17015214682583","4.055350280992","3.2112902072621","3.63145659325828","0.523116043406205","0.317488143786065","2.12933675513068","1.0353973345818","1.53582597392095","2.92415834478055","3.24063384510669","1.97458662833851","5.08737454573365","4.40570620454015","4.12389735723673","3.51717704559715","3.34856414255907","2.52725795628659","5.702527207179","4.96955533463415","2.39618595196691","2.2257369867976","4.36510343272212","1.21366729754186","1.75465322460306","4.94950591739538","6.36586548140785","5.97001818863059","6.14264964315907","5.77038884068696","3.49041426700092","0.655851893556942","6.38059450478228","4.95819877551402","4.23328826662316","4.03848297590133","3.99422690284999","4.25265763904281","4.14710614319185","4.49000658496557","3.61280978921729","2.27263621294111","-4.28342682037605","7.50689561708779","6.02429179462496","4.12336017326531","3.86155873347995","4.3721639998719",
"East Asia & Pacific","EAS","GDP growth (annual %)","NY.GDP.MKTP.KD.ZG","","3.84100974174714","5.46219178024398","7.77157062401071","10.4132676475615","6.97184563410373","8.62575292090406","7.36205577960622","9.34178946926849","11.4906829526651","3.88234088552524","5.28049324395568","7.17082513663321","7.67152297103704","1.00467184221354","3.54851016156161","4.18108881483148","5.19862502546493","5.79868152599808","5.92909385519238","3.74318301879084","4.60526930324899","4.17119731662849","4.36867249139932","6.21130632899232","5.7476611771643","4.9424625500736","6.32074483070927","7.68125239019686","5.11166716548523","5.10788769844861","4.83424481545718","4.22572033217369","4.17792742885939","5.20260586438349","5.56150966710283","5.6173695357258","4.26377419393194","0.269363963469971","3.79107128028222","5.53250269527052","3.26466618829393","4.44311397537385","4.92170965026801","5.8618875785827","5.95866760278074","6.52205902973589","7.54059783352584","4.42839504983037","2.5280347869773","7.62507918660509","5.38208683103147","5.26477108258987","5.26825336357302","4.9189377834641","4.75890325549717","4.63114688285732","5.03667021498299","4.81200310102888","4.04090596808282","-0.0906651751610497","6.48037639158159","3.05155877820648","4.07119548974431","3.72534172801831","3.99734138634533",
"Europe & Central Asia (excluding high income)","ECA","GDP growth (annual %)","NY.GDP.MKTP.KD.ZG","","","","","","","","","","","","","","","","","","","","","","","","","","","","","3.32251205265899","1.25416022198573","2.76558251296409","-4.6594196081638","-4.73519333002204","-2.02746419815909","-9.96724836566054","0.947738127206605","3.81186000398405","5.46946101923554","2.06066914907899","-1.11033911400912","6.7961142740299","0.0867845934586313","6.38607865831898","6.60632485976573","9.59739774214208","8.52828763224443","8.24200882931629","7.18873517265573","3.1201208361221","-3.44364453642794","7.12840858949988","8.35834122654838","4.09057228077401","6.55722402169654","3.25564045264228","3.4855285083172","2.85797309720172","6.00896760124667","3.78753357770429","2.61922676231219","0.29079640989535","9.27987062914227","3.11188050867233","5.05062997543834","4.05695234474402","4.20093767131738",
"Europe & Central Asia","ECS","GDP growth (annual %)","NY.GDP.MKTP.KD.ZG","","5.05887120185645","4.6691855226407","4.88055018102527","5.9339319115103","4.55342002651639","3.78309653027354","3.46582938738129","5.42802628746341","5.9151480162446","4.99566107164766","3.31627573229648","4.51976875649245","6.05203631741527","2.41113460486379","-0.202069562877767","4.49854737052149","2.69059128081501","3.04639959245337","3.6234983276846","1.34746975013394","0.392684204735133","1.07569700999348","1.9151858911335","2.78539502881962","2.61757602311916","2.91813279571321","3.03986614325218","4.07098534007471","3.40833351000343","2.19453353603089","0.149867916179744","-0.630389965930306","-0.700118952818684","1.49575247301779","2.44839349507326","1.81032997394175","3.08059221645591","2.56891134387389","2.90387193953893","4.39968133524387","2.23142716888731","1.57910519144795","1.82009404804488","3.18158585712092","2.73707462832897","3.89587162590162","3.7038360333961","1.02523144667981","-4.40809425015892","2.63832249163517","2.32357528634286","0.320243354807246","0.876266761669413","1.94365333398217","2.07832382006356","1.90825385031148","2.96168679697557","2.18261664657453","1.83149788108096","-5.37584934879737","6.82460720354004","3.42810235027954","1.04695405528739","1.61092975636407","1.703297097267",
"Ecuador","ECU","GDP growth (annual %)","NY.GDP.MKTP.KD.ZG","","5.12441487887448","4.91914694399127","2.10636824719379","7.40724535940373","3.27508248987445","-0.33952563927852","4.62107394346161","1.90943839737609","4.66923798208919","6.87192932488124","6.29260619739669","5.01764070581541","13.9506821300277","11.208509630308","10.9721540022298","7.39718761871015","1.6048421092884","5.70682494541619","3.73404840305636","3.70868296743329","5.61286412023385","0.614845351988635","-0.336868770002951","2.62527326806389","3.93500141252335","3.46478251574867","-0.259098708877119","5.89046729088525","1.00577794490313","3.67991405308877","4.29134246404705","2.11431064978969","1.97321813678619","4.25825042741626","2.25254865225104","1.73174762607862","4.32786475767577","3.26652934570988","-4.73938585363382","1.09180164720277","4.20627185748789","4.92809549611376","2.88450036512064","6.83239736646514","5.39862243994342","4.34113198577639","1.90242859700484","6.56492068224719","1.0910129698311","4.02913787986621","8.48147656332823","5.783212336172","7.21123653679159","4.22606520388456","0.119692109287612","-0.687954245877947","5.97039880954841","1.04429460679607","0.1654044646003","-9.24509619165865","9.42189269033631","5.86842354862311","1.8328406107788","-1.94409022506859","3.72594857272087",
"Egypt, Arab Rep.","EGY","GDP growth (annual %)","NY.GDP.MKTP.KD.ZG","","5.16111414342448","3.87561672369634","10.5180926173666","11.5075774740325","4.91404229223662","5.04640371248233","0.805264127039209","-1.60679234956356","5.27951751357089","5.59851503851672","4.05734632653112","3.05568062514286","3.50683016247268","1.55893857170508","8.93914715890884","13.2796894430741","9.00304426675032","8.62876764493188","4.54768962839718","10.0113290379907","7.3485538963286","9.90717113397825","5.09440684048046","9.74576271171259","5.79150579142357","4.74452554738158","3.83275261319132","5.46132049551341","4.92086860390228","5.66702915715818","1.12540459520747","4.47285918408184","2.90079079959442","3.97317218034541","4.64245877240639","4.98873056512208","5.49235474302942","5.575497460986","6.05343878467555","6.37000382991766","3.53525197391507","2.39020402675627","3.19345473756772","4.09207161019908","4.4717444710621","6.84383819369884","7.08782742675582","7.15628356711522","4.67359980000663","5.14723485746742","1.76457194806041","2.22619979818487","2.18546605363386","2.91591188052836","4.37201907781687","4.34664345601914","4.18122099961562","5.33110861887155","5.55209307084222","3.55016483883115","3.29064601193245","6.58784560870467","3.76028052279247","2.3991692678251","4.39201068570188",
"Euro area","EMU","GDP growth (annual %)","NY.GDP.MKTP.KD.ZG","","5.74272236589715","5.76034991734835","4.87497310584706","5.86676511417907","5.04487251870079","4.38855309655521","3.44115723103846","5.67871703109088","7.1307026547254","5.6093297316649","3.75772103299079","4.89280758208707","6.11832631721319","3.23081321468426","-0.769016483624767","5.02555970333067","3.10171838127036","3.11205157455316","3.90271272905294","2.18187173719868","0.566632872166565","0.697140510392387","1.40601225766872","2.40979029247559","2.30676757298254","2.52839415150781","2.55163155946553","4.35548720992394","4.06697760912078","3.52081468589162","2.31199775321149","1.08636971676552","-0.685794729393407","2.51257216412849","2.47104932313979","1.75618481429734","2.6964567975082","3.00309976675726","2.97156201295246","3.90347314568078","2.19003494343926","0.961839553423374","0.767586747443971","2.32594393008132","1.79011534612007","3.33733486627055","3.02499371345013","0.432969401075084","-4.47805035961746","2.1158694775215","1.77884441456963","-0.913859085753131","-0.168322337087545","1.45371535311074","2.14894477032594","1.80681433573471","2.62315671239708","1.78229304985051","1.63208944796722","-6.04374915754508","6.44349747359811","3.66468497532753","0.460070365687699","0.938707263867073","1.41107242318353",
"Eritrea","ERI","GDP growth (annual %)","NY.GDP.MKTP.KD.ZG","","","","","","","","","","","","","","","","","","","","","","","","","","","","","","","","","","13.4547625007102","21.2214111876814","2.8583790589487","9.25883856340832","7.90868457794079","1.77258309100318","0.0134800959108077","-3.14198590251638","8.75543552816325","3.0054291917378","-2.65551592487554","1.45173556595506","2.57444955124846","-0.969217110711355","1.42682221120323","-9.78303001782456","3.8765015275421","2.19419034888082","8.67980010138049","","","","","","","","","","","","","","",
"Spain","ESP","GDP growth (annual %)","NY.GDP.MKTP.KD.ZG","","11.8386744503902","9.95343823186656","9.59649901930561","5.30851044597863","6.25313501090316","7.24606020058305","4.34033831645002","6.59702019075823","8.90701540575571","4.24497088667341","4.64947364578497","8.14974586367205","7.7884653422601","5.61878564719633","0.542203343297047","3.30379140860018","2.83857436106388","1.46300333315605","0.0415465166768456","2.20872810257116","-0.13246859717357","1.2464617922282","1.77011581051299","1.78468751370853","2.3214357659951","3.25332169179885","5.54712273579352","5.09432412898086","4.82703031299745","3.7813935513235","2.54600049647455","0.929215482921151","-1.03149183695307","2.38319537908909","2.75749400293542","2.60741117110229","3.58729972356299","4.30197745333581","4.40886545305924","5.20064125553942","3.91908880808811","2.75545611564098","2.9392895953076","3.1145314799161","3.5512255846125","4.04343515605099","3.53350013165972","0.767165748290694","-3.76813306940053","0.0941223116369514","-0.639920636520344","-2.86511368637748","-1.42732224757626","1.52048593647231","4.06086672473866","2.91515598595787","2.89604207865007","2.39541124478878","1.96117850841711","-10.9400706350371","6.68314420473001","6.37031712129601","2.46085796805582","3.45525405630191","2.82495400578509",
"Estonia","EST","GDP growth (annual %)","NY.GDP.MKTP.KD.ZG","","","","","","","","","","","","","","","","","","","","","","","","","","","","","","","","-7.99984543758373","-21.1686553650031","-5.74049004899702","-1.6424292041964","4.52668338927012","4.94301226131752","13.0500207047869","4.33982761193587","-0.425025372086623","10.0876385800462","5.88074589534277","6.93300082616575","7.59630181032645","6.80070110758655","9.52305386462066","9.76257131206653","7.57091879311882","-5.12531154308803","-14.6302225427906","2.4497502063999","7.60697458913162","3.67201872506541","1.75649379621869","3.32278988182702","1.83815262882932","3.09301920751959","5.63467248963991","3.69969756161726","3.72664943466884","-2.88380751483778","8.25488044580031","-1.22616966587796","-2.74421914571231","-0.0900428648493801","0.584308464789387",
"Ethiopia","ETH","GDP growth (annual %)","NY.GDP.MKTP.KD.ZG","","","4.32609133566669","4.51863392606097","4.090485611454","5.77193201591967","7.25659803697334","4.06158788001341","4.14218784379452","1.38865740774845","3.48272874063242","6.52647616372386","4.22715958999208","5.10986950748782","3.27365832432511","1.24613171483642","0.148810316081267","2.72568162583839","2.74000633157128","-1.10076369425465","6.42416616401589","4.38154812543456","0.916013856738402","8.23500571913669","-2.84802145221462","-11.1443529779264","9.66161236122211","13.8593303949744","0.503674879297719","-0.361044179752284","2.72645178272684","-7.13747971659305","-8.6724801143672","13.1428339363255","3.18996458331273","6.12751141587474","12.4261737814951","3.1339068517801","-3.4581391346848","5.16214582255112","6.07321748125295","8.30130632267965","1.51472570667433","-2.16135972256865","13.5726031401471","11.8187659491625","10.8347270679373","11.4561670019891","10.7885216870332","8.8025531990487","12.5505383347633","11.1782962297008","8.64781163513926","10.5822700502552","10.2574929627477","10.3924630141307","9.43348265981905","9.56418965754014","6.81614778557282","8.36408573111346","6.05953089248577","5.64153069324176","5.32175988485454","6.59424599054353","7.61277447616879","9.7715182202934",
"European Union","EUU","GDP growth (annual %)","NY.GDP.MKTP.KD.ZG","","5.75030343368712","5.69395100608705","4.78073535517052","5.99245681317144","5.24720045659537","4.27224611735801","3.5458594455537","5.58877984682952","7.03050522600735","5.52996280307833","3.65104544429215","4.77134652594529","6.00493758000624","3.14764848671194","-0.580296307403572","4.87552131671103","2.94611945683016","3.06052835163457","3.88936482688256","2.06693329350863","0.55839812960221","0.819366976451178","1.44602874095294","2.5265791472908","2.31656039096589","2.57930466748826","2.54387969152141","4.13015666038351","3.89308768601373","3.29743821318812","1.46033479003636","0.901655774788622","-0.596024578382611","2.70140207093823","2.72469448193173","1.91608376216652","2.68448701191966","2.98141228097397","3.00374383215321","3.93358559614036","2.1611431481209","1.09769181928139","0.936973000922009","2.59990360700064","1.98358585869511","3.56754016308207","3.14184136141643","0.617970690465611","-4.31208500171391","2.1818021924601","1.96059583488466","-0.764412939041037","-0.0330372559639187","1.63271198328248","2.37195113797821","1.91997902907598","2.81810835521954","2.04641967934145","1.87525498889181","-5.57888122067428","6.37773717070797","3.56455510630462","0.4380089249495","1.08657885620458","1.53795434836212",
"Finland","FIN","GDP growth (annual %)","NY.GDP.MKTP.KD.ZG","","7.60467026250204","2.98194619587649","3.28509957241208","5.23868649547225","5.30285837553808","2.37282236922805","2.16882897910781","2.30328981591643","9.59328847858328","7.47043267144105","2.35692123166586","7.7354848193458","6.98382835563822","3.23653343563224","1.80489795187316","0.344383187103318","0.239510630103453","2.91970756437469","7.12192593764533","5.38904748575388","1.28938426892493","3.08671541654802","3.10384880639285","3.22653291609758","3.54005438717211","2.75509931172768","3.56103297195551","5.23111280719965","5.08392955255206","0.691649917806032","-5.88059618513641","-3.31137361706595","-0.779815061561479","3.96437283726799","4.23436710187066","3.66265716987186","6.39770068404337","5.45427021765444","4.38928070374669","5.75373770498848","2.64026205699308","1.68732644358099","2.01179992738312","4.00537952277651","2.77730918518017","4.01957326515895","5.31280176694145","0.784431235717051","-8.07603116552393","3.1682879121621","2.39039455396828","-1.52284013040689","-0.979741024949618","-0.4780684247837","0.466503766322674","2.57193414898754","3.30337003591039","1.19297759742292","1.34973845741737","-2.49103605535707","2.67634641498897","0.763041912763526","-1.28973484453397","0.374566568538427","0.173444509584499",
"Fiji","FJI","GDP growth (annual %)","NY.GDP.MKTP.KD.ZG","","3.51758199167958","3.60610217922461","6.35877194090916","4.87728074374567","-2.70026693997207","0","13.3518282945216","7.91622158052871","2.59641050832793","12.7027111303008","6.88898664332798","7.48527669636245","11.6128684890071","2.60114991513119","0.530211183875878","2.73616325522002","5.90401182413044","1.86340145583873","12.2248197843007","-1.60345694130206","6.3299905402926","-5.9784861986835","-3.96012301253025","8.39302447512291","-4.61347485610258","7.74990796850761","-6.6150200063595","0.955754866463423","7.43863244182891","5.8000027238601","-2.70000339719263","6.10000158039144","2.13003299416839","5.09999825114068","2.49999899666315","4.80000119270963","-2.19999958040422","1.29999962239084","8.79999882804397","-1.69999776168213","2.00000027123612","3.19999861722759","0.999998995078172","5.30000086613597","0.699999592969263","1.85248357237371","-0.8506533546566","1.03279368777636","-1.38603752085589","2.95467268842502","2.70514231228027","1.41131415220703","4.7342203729816","5.60351397766961","4.50120064471365","2.44565202449249","5.35336434979577","3.812350939512","-0.581946590349759","-17.1835352599354","-4.3459619989752","17.7451269773594","9.44245856738313","3.53085896076352","3.19546862124029",
"France","FRA","GDP growth (annual %)","NY.GDP.MKTP.KD.ZG","","4.94642545980355","6.85626464484753","6.1033388581149","6.58280685437494","4.83875011249243","5.16354274190655","4.80177080876672","4.54401821190027","7.09364697994077","6.20017438615466","5.29344622836985","4.51410759995832","6.19458406640176","4.41471376407343","-0.945609616912307","4.33755647481964","3.55415568976466","3.94936216342872","3.69531078677157","1.67641337198611","1.18831474293866","2.44251268690125","1.26205761797051","1.60947146551595","1.56907436604108","2.38953554470334","2.55274621143047","4.81422400170246","4.40516927190527","2.82962715326478","1.23666248297356","1.5160611169627","-0.35899781051468","2.38366086110145","2.30479278392259","1.39707987198881","2.5270616339357","3.45259434279616","3.39930808809441","4.14099996402915","1.89946701186636","1.06775027069419","0.967827182558352","2.86825052501032","1.88856584109286","2.71406448755236","2.53048188351066","0.380171435849121","-2.82455153714783","2.00032476039051","2.43757653729007","0.183835264973013","0.781756446231","0.997832947295251","1.06675474783462","0.860031075424033","2.08361485997399","1.64590872395887","2.02744646419237","-7.44064589948231","6.88233783360239","2.71676264185913","1.43921494437743","1.19046798275883","0.840949955479587",
"Faroe Islands","FRO","GDP growth (annual %)","NY.GDP.MKTP.KD.ZG","","","","","","","","","","","","","","","","","","","","","","","","","","","","","","","","","","","","","","","","","","","","","","","","","","-4.55329824103478","-0.379817991218616","3.56636317884431","7.08148344487884","5.85614389735763","5.43214206841004","0.958001934486234","1.38644795938293","3.51201367488443","2.76370952267429","4.53851028676189","-1.63732118017028","5.06636291600633","3.86099981669155","3.15873872329266","0.843716851362103","",
"Micronesia, Fed. Sts.","FSM","GDP growth (annual %)","NY.GDP.MKTP.KD.ZG","","","","","","","","","","","","2.30157453484256","1.06691546739171","33.9300078411578","15.3272774471001","0.0742880925752587","0.356323181158572","2.4262143303916","5.6402091844802","2.11922371015471","-7.19641118821272","9.72372488530095","-2.6210641212119","1.92999683713479","-3.95249848429505","16.5506760705723","7.97934730131362","1.19976004799031","2.54890337877882","3.52601156069341","3.74092685650469","7.42731893786137","4.00806037298169","8.14064577107322","-0.534513415833118","7.01446304315432","-3.33905355928999","-6.21109742847426","2.83681803499502","1.12881559676377","4.62454546471687","1.82016351571185","0.4432199530481","1.76275629920303","-3.19037831026102","2.7434627349036","-0.413223140495873","-1.65975103734441","-2.53164556962025","1.29870129870129","1.7094017094017","3.78151260504202","-1.61943319838058","-3.70370370370371","-2.56410256410257","4.3859649122807","1.26050420168067","2.07468879668049","0.406504065040664","3.64372469635627","-2.05703124999999","3.09969928290539","-3.11412501063803","1.13097800090873","2.30132923576443","1.0626071425539",
"Gabon","GAB","GDP growth (annual %)","NY.GDP.MKTP.KD.ZG","","14.7668431868332","7.44921159688671","6.09243528403599","4.55445363440386","8.33333566041171","4.50800456670004","4.11515285426293","2.50880088058756","8.08291043381715","8.67934217556071","10.2587309116899","11.3369706830662","10.1824336186273","39.4870951788448","19.1901149100017","35.6253379697775","-12.582091168196","-24.0492060700073","0.474405279722845","2.55293715765217","5.09532927895786","-3.09752039780534","5.60824067925303","7.50890230839578","-2.33294933269416","-0.803597733902933","-17.1460422148976","12.8453532480867","8.54530998982545","5.19223727652398","6.11250348301178","-3.09014565154393","3.94655500790242","3.71275484108966","4.97384776335103","3.62504902027987","5.73836739483843","3.47783358718901","-8.93262280230105","-1.88296639760897","2.13523342197423","-0.249033168543434","2.2473300115045","0.689543058464849","2.67620333310926","-2.80657835569052","6.00810802487668","-3.30843064878751","0.130331119816617","7.08988731455126","7.09175334258654","5.25107691750407","5.63869900338696","4.31496444107469","3.8788993950789","2.09144220829562","0.472642030911146","0.83791658082157","3.92080879452831","-1.8377610635094","1.46795731508091","3.03761449525692","2.43893665041031","3.39403899521831","2.47287961498321",
"United Kingdom","GBR","GDP growth (annual %)","NY.GDP.MKTP.KD.ZG","","2.70131421328257","1.0986962362898","4.85954520244742","5.59481105874345","2.13033308666921","1.56744960482462","2.77573771112216","5.47269310050385","1.93913775370176","2.70858148856038","2.00453760135888","3.62637105743457","7.31352424220155","-1.67969792645223","-0.676870194049812","2.80465599545295","2.36335094409922","3.40337382855367","2.74677219709527","-2.17910220206564","-1.3234581733779","2.09306886432368","3.62434641923983","2.67092491032817","3.59938143817158","4.01232987098167","4.56208082572655","5.0321018040183","2.28144671930745","0.779266119883417","-1.29243974751705","1.29472849604493","3.49048744653493","4.95341092800692","3.53339096338078","2.61491606949487","4.8799853038024","3.24631482881618","2.94445869854798","4.52438074810904","2.39102229602824","1.70902736258567","3.21851612669614","2.32601853325993","2.7906547174688","2.18982132415704","2.93091133582351","-0.0494116727402769","-4.58740819226323","2.26054460931586","0.851437739020326","1.52826034721852","1.71846961308464","3.16017351468152","2.14040560033371","2.20652020635357","3.02322219840339","1.55133095078786","1.25629899760824","-10.047896637362","8.5431118453255","5.14970388522993","0.271650048355255","1.08027716858781","1.38844207858726",
"Georgia","GEO","GDP growth (annual %)","NY.GDP.MKTP.KD.ZG","","4.86594070054342","5.11301649671694","4.20187909672116","5.42958764979345","10.5586366152245","7.53566314896325","6.25308215800375","4.45558340295182","4.7765040433662","12.0520758237564","2.47133179427014","2.83646033387501","6.48254561126276","8.80974063206179","7.38042838101734","6.09953235956353","6.89430009522513","7.42956043676347","7.37064063684609","4.57644696484918","5.26660055282426","2.00244542885206","4.3016035214589","5.4279631478795","4.94120590442833","-8.17567222383052","1.28148065724565","5.55545382967426","-7.19378285079883","-14.788785046729","-21.0998508379398","-44.899774806083","-29.3001665068873","-10.3982300884956","2.59657506969336","11.2025463861501","10.5208042446244","3.10150969616576","2.86729567454968","1.84038117927339","4.80729867243699","5.47402488700408","11.0570310020104","5.79268292682926","9.59113832853026","9.42148081189909","12.5755698246405","2.42161440960641","-3.65075229596822","6.24640865303363","7.9343365253078","6.57883101954195","5.13288531209382","4.09049059581743","3.35102350265353","3.45021517996871","5.15990261658827","6.062036412677","5.38071926589951","-6.2904717853839","10.6442336580969","10.9585321385624","7.83220126555726","9.67979379712661","7.46161504152039",
"Ghana","GHA","GDP growth (annual %)","NY.GDP.MKTP.KD.ZG","","3.42967401462874","4.10915860625774","4.40597419943647","2.20932750184639","1.36899886970954","-4.25829036972007","3.07536405007809","0.368860328659636","6.00617496624768","9.72347258708628","5.2161245570606","-2.48765540214929","2.8845841948016","6.85251683220585","-12.4316290214597","-3.53018280627536","2.27410724169957","8.47593560232171","-2.51494141959301","0.471695943172108","-3.50306694696705","-6.92365041055389","-4.56373750458945","8.64756945671597","5.09161727201138","5.19916067974877","4.79489887940781","5.62816876359457","5.08587270013842","3.32881788321653","5.28182639834429","3.87941908037517","4.85000055379412","3.29999973947747","4.11241897162861","4.60246115564627","4.19635744019571","4.70039078427911","4.39999682545296","3.70000008164408","4.00000012807919","4.49999955900331","5.200000133101","5.59999999077445","5.90000381855104","6.39991260618034","4.34681910440079","9.14979893831817","4.84448705175076","7.89971194051621","14.0471235803149","9.2927894063005","7.31252501678145","2.85624016330883","2.12075933817334","3.37346574966936","8.12889488100956","6.20007768127284","6.5077747939152","0.513941670628171","5.07646643533542","3.80484978178042","3.14009100080186","5.84746854280382","5.95441714756899",
"Gibraltar","GIB","GDP growth (annual %)","NY.GDP.MKTP.KD.ZG","","","","","","","","","","","","","","","","","","","","","","","","","","","","","","","","","","","","","","","","","","","","","","","","","","","","","","","","","","","","","","","","","","",
"Guinea","GIN","GDP growth (annual %)","NY.GDP.MKTP.KD.ZG","","","","","","","","","","","","5.36581840766522","2.31517953300373","1.567286805691","5.25022118210843","2.87692057391091","7.92336831492435","-3.35306984404892","6.79626447493203","-1.2078607444173","2.60138796577117","0.60973715523906","1.80000476238145","1.30001183458037","1.40000945946362","4.9999305837981","3.11404003445122","3.29993884280005","6.30811670197524","4.0034760101484","4.3240627548313","2.61342300409642","3.2709473025656","5.04414454071403","3.97009910590064","4.60767320245354","4.46157508517599","5.18160345773762","3.64412124205991","3.81200403347202","2.50306056299607","3.65834646929586","5.16460946696631","1.24860125923698","2.34011731288737","2.99727256275818","1.18960211693242","6.81747111070281","4.13301615965833","-1.12264204848687","4.81336016967553","5.61211177430975","5.91528626133322","3.94568708624053","3.69655311664086","3.82591056949435","10.82062719659","10.3000053427355","6.35849192736715","5.61691446889876","4.70459096113575","5.5823328114905","3.97240784200721","5.54172668627702","5.35004659049265","7.44709668357611",
"Gambia, The","GMB","GDP growth (annual %)","NY.GDP.MKTP.KD.ZG","","","","","","","","0","9.57614347228663","2.43552288111326","6.15384657262285","-0.0658770394050947","0.241704785011237","9.25032925345546","5.87879361029783","12.3934290906923","7.35122573247521","3.43957605958968","6.31644630976179","-1.32818316164975","6.27007960556354","3.32189401064942","-0.764582637150042","10.8832277675592","3.53525730169937","-0.812264660562306","4.09107074099691","2.45433259678632","4.47682692076357","5.89572187264736","3.55887936756983","3.10703922385581","3.37868879121812","3.01210137437499","0.154345959845131","0.881848240754678","2.22354563838627","4.89999910999681","3.49999870205306","6.39999905009302","5.50000021632955","5.80000024323377","-3.25000014970206","6.86999962173842","7.05000000064635","-2.35172936176019","-0.555580977246521","3.04324950829739","6.25590553394287","6.6657243078367","5.90833580968288","-8.13044422315659","5.24156924630741","2.872768790327","-1.40738249510954","4.0580738039996","1.94335965478776","4.8226112492757","7.23489033258579","6.22205315994859","0.591487287873974","5.25596878816744","5.49299823010114","5.91679576551141","5.55126065805138","5.89309208233146",
"Guinea-Bissau","GNB","GDP growth (annual %)","NY.GDP.MKTP.KD.ZG","","","","","","","","","","","","-3.91096745830764","6.37486089368753","1.10989279037214","4.55924104815846","7.84558431997402","4.94345530491698","-7.17006997088463","13.1260433802209","1.99414436256637","-15.9526514986135","18.1675281528339","4.20008213468215","-3.39828742893647","9.10922298634806","4.1664928969891","-0.793847626356836","2.9000000075597","4.59999998843411","6.10000002132945","6.09999998628119","5.10000003451967","1.09999996776526","2.09999998911347","3.20000001913081","4.4000000061065","11.6000000043869","6.49999999321456","-22.4457270657526","16.8150212692905","1.10027815777423","4.7859716500482","3.65393603642713","-0.285931052286514","1.17189152277038","6.55977111846077","2.66650493269572","2.55982647078751","4.52457514610252","2.44795106098685","5.60536311358261","8.08504167173554","-1.71286958446419","3.25607190852087","0.964525745841428","6.1340893623123","5.4326782650304","4.66367943913264","3.76145359637003","5.32749571119344","2.89149979806913","5.0173096003907","5.45776090019501","4.63052364601562","4.40920107183611","5.81813762310792",
"Equatorial Guinea","GNQ","GDP growth (annual %)","NY.GDP.MKTP.KD.ZG","","","","","","","","","","","","","","","","","","","","","","5.76942050301955","2.20167594636722","5.00438719582668","1.01138167040003","12.9051788684821","-2.33055635744239","4.43673736244361","2.6552621825882","-1.22917807949834","-1.75856408496443","-1.02223887710288","34.7453200290652","11.0332130375277","16.6688355418416","17.4862637323938","66.5799972215897","149.972963487965","23.7744823299607","25.6640154410418","18.2137799569674","63.3798754250602","19.4628340359251","13.9552503163825","37.9987268556423","16.7487006053541","7.70491760658767","15.2821139194857","17.7991091333811","1.34335628806095","-8.92417588851806","6.52392362989873","8.31287184445641","-4.13319850131583","0.415066301596866","-9.11004114881537","-8.81641723219757","-5.66750850486686","-6.23654406734575","-5.48182537893445","-4.79108083383294","0.860269956382069","3.22350831658598","-7.4250553172124","0.39622552095193","-5.84678505700693",
"Greece","GRC","GDP growth (annual %)","NY.GDP.MKTP.KD.ZG","","13.2038386052462","0.364812289877747","11.8448666655957","9.40967732368279","10.7680109720411","6.49450138060494","5.66948643356486","7.20371768036424","11.5636684082563","8.93058020025967","7.84117657760304","10.1601515908652","8.09237907118801","-6.43824057014004","6.36680794602181","6.85189869571943","2.94100090620763","7.24686397906468","3.28207958853159","0.67713140669585","-1.55372126905196","-1.13264739051145","-1.07862273931177","2.01058093704644","2.50955640237393","0.517660006338886","-2.25886322369171","4.28786172851761","3.79999995287797","0","3.09999970633838","0.700000337119789","-1.60000002186294","1.99999984724822","2.09971953235275","1.38247057325857","3.60288326516122","3.43693579661333","2.65878562321184","4.13782699405849","4.65041459442163","4.68313727063017","5.79682274294369","5.37786634595851","1.18350635493289","6.44339762487436","3.50686976639459","0.0574740238200775","-4.11927606715011","-5.6937412158003","-9.87677875300243","-8.33113421099992","-2.27211699888024","0.792225060962835","-0.228301892172851","-0.0317947678412054","1.47312472702352","2.06467207892409","2.27718065334808","-9.19623149726978","8.65449786002131","5.52198580589408","2.13591131996631","2.0865743380603","2.07306882481713",
"Grenada","GRD","GDP growth (annual %)","NY.GDP.MKTP.KD.ZG","","","","","","","","","","","","","","","","","","","5.34140218518347","5.60208348590967","-0.534783988422475","1.53418747275683","4.12426157156393","3.63257489695788","3.56846533761095","5.97970814111039","7.19427376957988","9.09742510698013","2.96679168426633","3.76773076437745","4.01261191599704","1.38554578702994","-0.851148756391396","-1.95881558143746","1.69355604419043","2.12947514959858","4.43823471603358","5.01549460936745","11.7535029919192","6.89836243368677","4.88795213650562","-2.02390004072058","3.43732352954147","9.46397343076491","-0.647450316084857","13.2761883306272","-3.99532824427482","6.12345094741467","0.947542624907697","-6.61328134799545","-0.511146187173722","0.764773550338731","-1.15483816409801","2.35109801677905","7.34212396037948","6.44522314693144","3.7396039558691","4.43867566948151","4.36144039364797","0.676511738873756","-13.7566222572107","4.6977240232674","7.31023806981959","4.52657497450693","2.3996478454327","4.41201",
"Greenland","GRL","GDP growth (annual %)","NY.GDP.MKTP.KD.ZG","","","","","","","","","","","","13.0608513612033","6.17727355508018","6.80600898222268","5.70625399277014","0.64624014300631","5.959208506051","8.82231529693058","6.01671719108315","4.86059746427543","8.67600626452334","0.665279571920863","-4.41966084202994","3.45721666110607","-5.17961548785489","3.65638798948321","7.09732273388732","5.5158721029223","5.6036107077353","6.6595450277086","-11.7195329863483","-0.113464594236802","-5.1117000323197","-5.02793262942515","5.92436980149209","3.72867748911121","1.52963736132679","1.46892638096972","7.75798174482551","1.37788444524006","7.10159688181619","1.26903507902787","-0.971177310665553","4.43004572118211","6.90658283676629","4.98749177090193","5.55569490080012","2.3524379811805","6.1661327018619","0.865952328886948","1.73582505889665","-0.496519391959083","1.39419335955625","-1.29828069335511","4.7421356730152","-2.52931802394475","4.68195410972302","0.0527281828800312","0.62306542854094","2.83217756798683","0.250789762104304","1.63409410992996","2.00455580865604","0.865961986998158","","",
"Guatemala","GTM","GDP growth (annual %)","NY.GDP.MKTP.KD.ZG","","4.29851834874688","3.53650126284866","9.54104393054875","4.63299243190491","4.36176931452728","5.51210399019357","4.11217561696343","8.76603505425516","4.73690901583991","5.70788359811974","5.58375454736793","7.33305162061406","6.78283433749129","6.37502990286956","1.94999082158344","7.38726562476302","7.80922068405067","4.99668981954586","4.71345609171885","3.75997816033124","0.646858610432233","-3.53008900954855","-2.57209144433914","0.496697752643456","-0.609338955584263","0.143049595525113","3.54398330651921","3.89238706354786","3.94258951982349","3.10256317557587","3.65824875006811","4.83833884688683","3.92713194504024","4.03374149641458","4.94854750210382","2.95777988740716","4.36408994678341","4.99352780305848","3.8470621889051","3.6088687174876","2.33257486608854","3.83928708556792","2.56037766801896","3.13791683609193","3.27602692588886","5.35139778711536","6.33771869016203","3.29352400028485","0.476898106596394","2.88417542800377","4.16390688293349","2.97470856847661","3.69476814623695","4.44397825774911","4.09217170075418","2.6778031930216","3.0798512212244","3.40687328176345","4.01789830861587","-1.78555117570465","8.04170398855833","4.15492196609047","3.52430434049013","3.71558453779777","4.28003207921405",
"Guam","GUM","GDP growth (annual %)","NY.GDP.MKTP.KD.ZG","","","","","","","","","","","","","","","","","","","","","","","","","","","","","","","","","","","","","","","","","","","","0.879314134974734","6.49378949662236","3.64231634949867","-3.65251727541954","0.717213114754102","2.03458799593082","0.438683948155543","2.26325193567601","0.0776548243059523","2.13385063045585","1.69040835707501","1.79305192379529","0.825688073394488","0.18198362147406","0.890099909173486","-0.828231904933389","2.52360203340596","-10.5188595714539","2.0581832574708","5.09986426216793","","","",
"Guyana","GUY","GDP growth (annual %)","NY.GDP.MKTP.KD.ZG","","4.68952431164918","1.10492580955443","-12.2786572607531","11.3602823799386","10.5410187618772","5.23327389402719","4.31362182924127","1.02482755310702","6.99438665753721","4.25545689303152","3.11285084398625","-3.3176709348416","1.24471935231686","7.70283994935743","8.48302151373474","1.53691327860348","-2.63867966107593","-1.80618877216861","-1.83569626054445","1.73388972721931","1.49616592020392","-13.1901344884724","-6.792386689346","-5.02873786366854","2.39966745807851","-0.900602237275649","0.899396594038478","-3.69353310075873","-4.91666666511816","-3.06748466406728","6.05786618530573","7.75788577607526","8.17510549304023","8.53242316667276","5.03144655812085","7.95551754125103","6.18066561019938","-1.67910449189729","2.96015180311224","-1.36380390261873","2.2795216592191","1.13262696199476","-0.632225388266377","1.56335211034042","-1.95095759501714","5.12960934773","7.19123624057457","1.75522349592019","3.61150847218585","4.13844160137342","5.19625156051602","5.27633062046809","3.65338433338232","1.68649445019584","0.687404590619494","3.80745626378814","3.73449154571284","4.44091288475967","5.35284003535665","43.479651716849","20.0599975568418","63.3346343654855","33.795011115873","43.8192726391966","19.3360097091818",
"High income","HIC","GDP growth (annual %)","NY.GDP.MKTP.KD.ZG","","4.41324722257148","5.59749736376138","5.05943764450643","6.41484774677951","5.56418271305685","5.51482133633723","3.83155961407932","5.918982284149","5.61312267670348","3.03952576494409","3.74921170380557","5.44222853366219","6.38194781224162","1.24391480839465","0.139037650694945","5.0089206896955","3.80633288875171","4.24084240088564","4.06443770484582","1.23739856447406","1.88952741479882","-0.126299944278173","2.83142467013451","4.74423187805328","3.49388059663929","3.21145238099871","3.54340402506151","4.61992949223308","3.83291204153582","2.60481212553216","0.832419322500471","1.55105203173022","1.11499775192729","3.00523775676531","2.81433578851207","2.9117012841551","3.54770283175425","2.642316986742","3.57326624250001","4.29688509034949","1.57447034113088","1.64870786725287","2.27744541607615","3.50847170614612","3.0112867819375","3.26145278133725","2.91590165049769","0.692267787743873","-3.36258268929106","3.04683444307592","2.00784908171023","1.50928803370365","1.61422769521758","2.21112181112177","2.36450358189597","1.83965907046031","2.49197626247846","2.4045350031779","1.90035790608474","-3.86618363020789","5.97111332006301","3.1058606935064","1.79534582183456","1.96948428510512","1.90733502746166",
"Hong Kong SAR, China","HKG","GDP growth (annual %)","NY.GDP.MKTP.KD.ZG","","","14.2908554675842","15.7633614168209","8.62789586816336","14.6423838228378","1.79477071258098","1.60350845976313","3.39746066084628","11.3434724346297","9.20666451913097","7.29280183538859","10.6120485240043","12.2796298022321","2.41533565971315","0.492028182797924","16.1643017176998","11.7258139176053","8.26088657795823","11.5567867978322","10.1081752759651","9.2608811545638","2.94988007844803","5.97706915415","9.97386418085986","0.757062639209607","11.056104096916","13.3984575956805","8.51153048557791","2.2770989833746","3.83055083915474","5.70193577048867","6.23502387210803","6.20118510679872","6.03603037436426","2.37382875928816","4.25847572892732","5.09969994681332","-5.88263751764842","2.50671604844752","7.66344398397743","0.560867137855524","1.6567016736435","3.05635886663597","8.70006555836002","7.38815395153696","7.03264766297669","6.46482809096842","2.12793685154209","-2.45909150468412","6.76770683250318","4.81466801092733","1.70032214482865","3.10155262780289","2.76241378329884","2.38780116013344","2.17544820327555","3.79610937243891","2.84690922660509","-1.67242865968056","-6.54479640529367","6.45443038333934","-3.68528359281325","3.15034461759902","2.62936861207362","3.48764886355949",
"Honduras","HND","GDP growth (annual %)","NY.GDP.MKTP.KD.ZG","","1.66356461642803","2.18523652981222","1.26827909278258","1.54715605635589","2.58333582121715","-1.11932816500057","3.76437003674084","-1.17815493672721","0.881367760385189","4.94188689356858","4.65493718159253","3.90537684149935","4.44128830650889","9.41117622705514","5.3200213329476","16.1000612479848","8.67824908440281","12.9383124816161","11.5302614235207","13.0461742022835","7.25433073403863","4.3913059235414","6.99586711936102","2.35846275081614","4.66822602953714","5.53564279745997","1.74009422609132","7.57442109483326","7.12826947076638","21.1713674322465","26.0469005554795","9.03523510162955","13.6371743358989","29.0190203167888","24.6744628782887","22.957391093437","22.4277452884418","11.5761659693973","11.5758601448677","9.61221879337278","2.72319327321379","3.75433786119939","4.54703805165397","6.23230296069102","6.05059922215973","6.56724355177587","6.18832716678008","4.23160011009342","-2.43162787988011","3.73114034433009","3.83569066207505","4.12868774866939","2.79155975746801","3.0580805621437","3.84007997093951","3.89297219726413","4.84291391050387","3.84499476966735","2.55963434592314","-8.96508223267296","12.5652843771279","4.14356194013767","3.57584760454412","3.63240745450875","3.75143102801252",
"Heavily indebted poor countries (HIPC)","HPC","GDP growth (annual %)","NY.GDP.MKTP.KD.ZG","","-0.230925454720577","7.31029519946019","3.35253959924616","3.30218370819524","3.79149086376169","3.81521131709239","2.28245794224951","4.45087159763555","4.65793279348472","0.0283692407509193","4.53165579187227","2.05514324716638","3.06417896420072","5.33976538479479","2.08523559039055","3.74102371974787","3.40492392745577","2.39270481508052","0.524711755499553","0.644753198259579","2.99690877376216","0.609602404562864","0.305349422760131","1.0902574976938","1.4130479687895","2.94928965985051","3.11575507785619","1.41225186500162","1.50280322165241","-1.12231290536693","0.904466117707983","-1.40687912617678","0.317695251133117","0.35771850624657","5.20309345510309","5.58637218531155","5.96000432412029","3.75058687094192","3.47138287649969","2.87546253463213","3.66886843342178","3.91152167292262","4.02482247486702","5.76682428125785","5.53118064970333","5.72439626364614","5.48012948924681","5.62193432550791","3.47294778967044","6.20754117512882","4.15364240429574","4.04293845307305","6.16437839840991","5.45421217506326","4.90646824015406","4.30006123912206","5.06377966448277","4.18286148680316","4.20365615145262","0.00307772049912103","4.35683661926664","4.89961676353468","3.48241783540763","5.12099358552982","5.82575819723698",
"Croatia","HRV","GDP growth (annual %)","NY.GDP.MKTP.KD.ZG","","","","","","","","","","","","","","","","","","","","","","","","","","","","","","","","-21.0886706590035","-11.7132905102592","-8.02558188400313","5.87047464864034","6.74972166914642","6.11143125777198","6.16532327216601","2.25345287133511","-0.850447604002099","2.94765913375998","3.11089328552634","5.80141595577015","5.56842901730823","4.17049297825163","4.32819454299167","5.06986521577841","5.04884076732965","1.97176786914632","-6.81168973851901","-1.33616285467264","-0.111527124990047","-2.23702049605232","-0.132561080066893","-0.559537666687092","2.32056679330526","3.46613146011039","3.2840626939789","2.91107146210912","3.10247285336254","-8.31046995309319","12.6312741312741","7.29479114889533","3.76204092717136","3.82578440126859","3.40307537181749",
"Haiti","HTI","GDP growth (annual %)","NY.GDP.MKTP.KD.ZG","","-2.93198029126782","7.88757589385567","-1.89279255057041","-1.64735736887533","2.16179786144892","-0.575786801046178","-2.11768620106355","3.18161732148926","3.81194328486592","0.651153708034172","6.48038050132288","0.977107758966667","4.75532209168918","5.77988915170621","1.12275449104284","8.43883542963357","3.7081464367304","6.20886353648547","7.5604214016743","7.37468791939079","-2.85270971115165","-3.56374522434297","0.908181461269791","0.300917036236442","0.603631294369663","-0.497504788372368","-0.793648700197082","0.200426837325949","-2.91342439807192","1.03812280198248","1.88054472396281","-5.30993292251178","-5.42629599215383","-11.9506292939561","9.89770748815705","4.14077332856783","2.70471393077787","2.18184032957123","2.71024801048499","0.870059259424892","-0.342747883252144","1.05182013450109","3.48077973188326","-1.3178567596495","3.07217337664731","1.76875060288195","4.70652994008303","2.6580323082747","5.89037894844316","-5.65151153448299","5.09821354410036","0.502424403581585","4.32478411472874","2.88877250863379","1.40000000859727","1.81246807847532","2.51027134544685","1.66781095484656","-1.72309699839232","-3.30550546965893","-1.79823988931486","-1.68198396897978","-1.86388420254838","-4.18495104762965","-2.71291075761471",
"Hungary","HUN","GDP growth (annual %)","NY.GDP.MKTP.KD.ZG","","4.69999999488822","6.09999999841257","5.69999999485775","4.69999999556325","42.4104142736878","7.3999999999681","7.50000000167125","4.89999999675248","6.89999999952575","4.70000000204568","6.20000000077683","6.10000000166247","6.89999999769147","5.90000000111885","6.20000000011996","3.60000000149444","7.59999999820526","4.39999999884645","2.69999999994029","0.200000000298047","2.86674496073709","2.84108854346734","0.722965872564103","2.65804768341506","-0.253067484259233","1.53494882553377","4.05122959931954","-0.0652631444904301","0.736424820167869","-3.49665976104178","-11.8920408609388","-3.06418034558638","-0.576108518425613","2.94715455541068","1.48952547593046","0.101234227633242","2.97787906543104","3.84810814449837","3.08605811588221","4.40937501806403","4.06202617226026","4.73006530805553","3.93877761242727","4.96312536156307","4.30028318461673","3.93393162712054","0.332354337878925","0.993437085479655","-6.7401660845502","1.06795068152046","1.91670916599742","-1.33948446518181","2.03216990678146","4.33435364113967","3.65981615406955","2.43864141309342","4.12418389451805","5.60613813768876","5.07718495088933","-4.33872540024058","7.22291580811137","4.15238057779229","-0.817107370513455","0.709070599066038","0.509542309726868",
"IBRD only","IBD","GDP growth (annual %)","NY.GDP.MKTP.KD.ZG","","1.18914438229092","3.24001564755835","4.71104036685443","8.28733865609644","6.16159161067907","5.51990314119371","4.07908369432322","6.36733320808017","7.73667992375631","7.72064086872437","6.00999429204494","6.55205388163678","7.04647833888818","5.66851386878733","4.64465213600303","6.31174874295731","4.70402836812376","4.06940023662439","4.74879504782906","4.88075194305651","2.1268960801188","2.86979200825186","1.53080482854587","4.93658123646964","4.40379314690973","3.89307607097524","4.88740422487967","4.08586524776287","2.93531091668125","2.00136534950532","1.25089256674246","1.6449205114647","3.68993770570923","3.58284130087118","4.04900314997569","5.44405648217514","5.38854252274984","2.66724696847389","3.696814944591","5.91015942330233","3.65234065611351","4.51342025362746","5.89113199130702","7.73158628732457","7.25070696076966","8.3308609740977","8.95753247947854","5.93831598884324","2.78964048472359","7.76445831496306","6.34796525091978","5.46243794859487","5.21442724745644","4.78001444086","4.31854010648796","4.44703872345713","5.16179362572515","4.86157952405858","3.98803326580348","-1.28694758331594","7.62447663420478","3.76945565506477","4.63911789010562","4.4256614810418","4.30532305518705",
"IDA & IBRD total","IBT","GDP growth (annual %)","NY.GDP.MKTP.KD.ZG","","1.18576886251797","3.65549155745262","4.73444358819467","7.75151418464704","5.90084777424551","4.95317563757771","3.1638656009894","6.04152418970416","7.90867616529154","7.78780693760253","6.05649163427205","5.89492700634435","6.65557211408068","5.89144241678137","3.97971059288989","6.20112413095657","4.60977013440235","3.70636044276067","4.59053110162422","4.71305465516888","1.82252511009952","2.5222696742816","1.2545552053294","4.56155091855781","4.3715849510662","3.78983762351272","4.74784073430989","4.16427000740424","2.86206220522102","2.16802158494127","1.32312231447303","1.67752187348515","3.43464523920498","3.36165859901764","4.01231000343267","5.40315812801981","5.25981477838815","2.73971739212877","3.63972796078467","5.74178772143685","3.69028242428584","4.60038023716238","5.8006835934344","7.64643413599444","7.16135249237688","8.14150113123003","8.7124686527373","5.86781200796165","2.96850587643233","7.63752183781108","6.16961844156367","5.30457218076941","5.23089944476254","4.82932919233134","4.25326636645823","4.35480936392952","5.07330968455011","4.82460273989518","3.98475924215585","-1.32331489746059","7.35158119263311","3.8271063174832","4.52590057203417","4.42022565074735","4.33570580325535",
"IDA total","IDA","GDP growth (annual %)","NY.GDP.MKTP.KD.ZG","","1.16616000043992","5.95494798134375","4.86065010925761","4.8660969052471","4.45093221091363","1.73407974380117","-2.28088496390006","3.99836599202261","9.01183895667339","8.213562666775","6.3470659911782","1.80138092428423","4.10679888524056","7.38601698980712","-0.406941927829976","5.44298353511599","3.95723122512612","1.1797611908342","3.4576260239922","3.49852576672293","-0.431352111050003","-0.117624607285876","-0.886883439623105","1.58346642152274","4.1063801867095","2.94698285770644","3.60592457697926","4.80350036217206","2.26750216403487","3.81498980652462","2.05276575618637","2.0042634580379","0.888798042741243","1.0947231248653","3.6269804780589","4.97078212939066","3.89277365859262","3.52062469462334","3.02965635268497","3.93079800607958","4.10358606262203","5.54353841534332","4.82926508246241","6.72263368276644","6.18279726300197","6.04689219145386","5.94330560127922","5.04846721772508","5.03177027953473","6.20453015280762","4.12668093578495","3.45766587825051","5.42734561353254","5.41564567632231","3.48188857013798","3.25606924193475","4.00703084076721","4.37406543309571","3.94468113264645","-1.76868159241481","3.99322003260568","4.56135207487173","3.09487183510299","4.35048943307154","4.72576659326165",
"IDA blend","IDB","GDP growth (annual %)","NY.GDP.MKTP.KD.ZG","","1.81747610489222","4.19166785787779","8.27697758638915","5.90439922849993","5.26183235312257","0.647417465768015","-6.79782743095971","3.13920329325381","15.1308437580738","17.210894346037","10.4555970474464","4.04068888925669","5.65796118935347","8.18962357741968","-1.28459401513953","6.82429671084532","5.42358137998799","0.456101043592838","5.56259928184768","4.10503414261605","-3.44703679592649","-0.958574938858334","-2.9616559881198","1.34750437895291","5.98462268593742","2.96473966170474","3.51904995849621","6.12367001831376","3.14630414889261","5.93832070790702","1.90721458666178","2.78297970521284","-0.228886773288039","0.888628935015106","2.27998668332728","4.75414947639479","2.47875002407105","2.80178898028205","2.0432956857952","3.52567030243445","3.97205000094026","6.38124671767559","4.52441763529291","7.38136879873696","5.97335107962856","5.73601373606596","5.44679223336013","4.20775016278579","5.89629202688857","5.95474815245542","4.26532898947684","4.54052627515023","5.73609715250456","5.8248246616925","3.9277692964975","2.37410124286114","2.82463712924834","3.8983413977238","3.06868522671206","-3.22553173097771","4.36009454869888","4.82256296455954","2.87508782353444","4.11563151662068","4.57673954149303",
"Indonesia","IDN","GDP growth (annual %)","NY.GDP.MKTP.KD.ZG","","5.74064582266813","1.84197770236842","-2.23702998571657","3.52969814993797","1.08158946626055","2.79134682484525","1.38040280607036","10.9151785714295","6.82229824913614","7.55463451394223","7.02399719740848","7.03764320785962","8.1039755351653","7.6346729055067","4.97730086669512","6.88656497352524","8.76132560106353","6.76706985763171","7.32430948559606","9.88007752166418","7.92715682412874","2.24644534036375","4.1929673681999","6.97552780884124","2.46214356422551","5.87504510359864","4.92592736496611","5.7804984881177","7.45658692516847","7.24213163856464","6.91198283591309","6.49750651682714","6.49640812045304","7.53997109551439","8.22000739903493","7.81818707670867","4.69987885390397","-13.1267254923818","0.79112608199847","4.9200677470169","3.64346644721492","4.49947539085764","4.78036912167654","5.03087394501685","5.69257130383384","5.50095178520348","6.34502222667214","6.01370360009123","4.62887118256153","6.22385418062366","6.16978420771008","6.03005065305615","5.5572636889101","5.006668425755","4.87632230022123","5.03306918280177","5.06978590134916","5.17429153955024","5.01928768046282","-2.06551182934165","3.70288562827751","5.30719722664799","5.04883117855516","5.03257477088519","5.10808904438025",
"IDA only","IDX","GDP growth (annual %)","NY.GDP.MKTP.KD.ZG","","","7.48232204030764","1.9919870427253","3.94051694023439","3.71440868313977","2.73579818640111","1.79183064437341","4.69443236122191","4.12805754735555","0.273698465101589","2.17455865528274","-0.657114003723137","2.3232739702747","6.43191846280982","0.652277277031942","3.84783201632206","2.21534379738051","2.06967520103396","0.909977242866987","2.73188939676163","3.37295064491332","0.872235011598988","1.46406979871496","1.83917585083351","2.09687093578788","2.9277268268943","3.69881577707136","3.25862750033086","1.21058746147544","1.21246836616969","2.22663676923098","1.07693928814467","2.23783345475863","1.33747518696659","5.20653606781556","5.21775041057828","5.49770386952258","4.31316241628927","4.10139181669547","4.36228900362401","4.24080621347814","4.67188322019085","5.15164613105814","6.03016611583492","6.40577451885788","6.37650965376993","6.46657788107126","5.92600680729333","4.17188333765178","6.45708563967116","3.98715488656238","2.36503313187852","5.10918682572196","4.9923958045545","3.01701813615682","4.18372892932952","5.22907858100467","4.85450921076745","4.82130049368115","-0.335170512912143","3.64269213685422","4.31005230149408","3.3073554888398","4.57659622486648","4.86860827326892",
"Isle of Man","IMN","GDP growth (annual %)","NY.GDP.MKTP.KD.ZG","","","","","","","","","","","","","","","","","","","","","","","","","","0.418923089884345","19.1055382978016","9.89634675563862","11.8293565492151","6.84521310342541","4.1869768973626","1.60499284257345","0.800002489771529","2.59999570835525","4.00000120370929","4.29999820601022","7.70000620736124","8.5999943330298","13.5000059594272","13.6999970168254","5.30000152552805","5.39999903126116","6.19999819490684","5.99999968812641","5.20000310402496","5.89999933576675","7.69999871253432","7.50000022988817","4.90000100081545","2.10000027181374","3.39999842395957","1.99999938207415","7.30389108511717","4.14186158753493","5.15509983748599","-0.385866882198087","6.95230284899407","2.83775807093689","2.2133975392251","0.254877847398262","-8.83681697473475","3.83783632334639","-4.16847722466753","-2.03524496955581","","",
"India","IND","GDP growth (annual %)","NY.GDP.MKTP.KD.ZG","","3.72274253269822","2.93112773665958","5.99435326095178","7.45295012232975","-2.63577010985361","-0.0553287698318314","7.82596303033105","3.38792917600242","6.53970029628042","5.15722973608261","1.64293038388766","-0.553301312377712","3.29552113522354","1.18533626034039","9.14991201480592","1.66310363661279","7.25476458583569","5.71253208900188","-5.2381827027895","6.7358215279985","6.00620362381767","3.47573324031237","7.28889290124586","3.8207378559735","5.25429922330889","4.77656417048946","3.96535563390576","9.62778291984834","5.94734332826503","5.53345456306495","1.05683143296179","5.48239602167003","4.7507762195799","6.65892406747307","7.57449184027195","7.54952224888829","4.04982084902483","6.18441582080355","8.84575556114116","3.84099115686554","4.82396626397303","3.80397532120038","7.86038147545045","7.92293661307978","7.92343062131789","8.06073257305057","7.66081506510766","3.08669805950082","7.8618888330338","8.49758470165625","5.24131620024293","5.45638755164772","6.38610640091713","7.41022760516977","7.99625378567987","8.25630550176662","6.79538341902422","6.45385134495295","3.87143694070524","-5.77772470687303","9.68959249191741","7.6093649776932","7.210224629335","7.09927893176518","7.56666179284244",
"Not classified","INX","GDP growth (annual %)","NY.GDP.MKTP.KD.ZG","","","","","","","","","","","","","","","","","","","","","","","","","","","","","","","","","","","","","","","","","","","","","","","","","","","","","","","","","","","","","","","","","","",
"Ireland","IRL","GDP growth (annual %)","NY.GDP.MKTP.KD.ZG","","5.01616916866978","3.21644390828419","4.74463396242706","3.78596297345371","1.93344870050223","0.893092672389145","5.78570381955785","8.24392804095207","5.86385531503191","2.66052933421503","3.46988866612384","6.48980775082018","4.72142803863792","4.26023030161873","5.65664652614466","1.39480668315268","8.21130051013432","7.18672760788444","3.07303639266831","3.07932918345945","3.32521731639946","2.28346843284601","-0.244301213870017","4.35437267775501","3.08561465915007","-0.428330204205935","4.66309058769842","5.21741342322537","5.81391994557339","8.46652776398362","1.9296401741083","3.34327412603812","2.69260841466448","5.75582797061618","9.63442136559036","7.37962465765875","11.0217650823433","8.7661226571214","10.5298856427062","9.40352476399653","5.30582133514299","5.89936506079005","3.01383869396012","6.78813990621356","5.73978202625278","4.98785364537615","5.31011830898613","-4.48407081043062","-5.09578277913846","1.68297175486512","1.60886648916944","-0.40502941658977","2.1929375750029","9.38579335130922","24.6239856364006","1.22271661130947","10.1088576065965","7.68865937437435","4.97288003766816","7.15369505735335","16.2581881158197","7.51113888415304","-2.53637409313261","2.59946721553708","12.3375990291434",
"Iran, Islamic Rep.","IRN","GDP growth (annual %)","NY.GDP.MKTP.KD.ZG","","10.3909183549937","7.90926792965325","7.04207522912871","8.4752282487856","17.0357115203008","11.5024072848285","11.2528030961675","14.4041826754728","15.5166589080891","10.9276016296547","13.7015829939225","14.4990158486367","7.44168161210852","5.80105084782068","-0.326216240773292","18.2604356281607","-2.77357769163513","-12.8408566742286","-12.0207602547921","-21.5996493516924","-5.69678723333881","23.1712455355796","11.0867168468735","-7.13985049890006","1.86764993250704","-9.78490557801793","-0.172107687605632","-6.08199661986552","6.13211567717991","13.594926443584","12.7161484424098","3.29798191958058","-1.47101148218381","-1.69828611909162","2.40104455220023","6.35052601873645","1.3503992743003","2.08001178027133","2.00269623253435","5.84552747578209","2.39217271207868","8.07882927975243","8.6392983972006","4.33666597851041","3.18980408728824","4.99979526181222","8.15577352358517","0.250856553493634","1.00738545790475","5.79793830169604","2.6457179180628","-3.74717139864109","-1.52197920494184","4.98477506709476","-1.42488493937503","8.8150866425182","3.02685468694025","-3.74796015711334","-2.36143538770575","4.44180865358672","4.13089685034471","4.35281087521344","5.33235116079808","3.66312057949303","-2.82597163290347",
"Iraq","IRQ","GDP growth (annual %)","NY.GDP.MKTP.KD.ZG","","7.32576806556308","4.60334575305544","2.44770235047196","14.8265142723807","10.763880165144","4.96287661149815","-8.85681547611026","19.5121002571341","3.24418646059578","4.54435706401779","5.37455253303425","3.73530378696596","4.41875556494567","16.1133673454638","12.4906646751304","17.1751037344398","1.89995939450607","17.0569646646714","20.8692554328465","24.7537268463936","-0.728727509463553","3.43397803057938","-13.0733124034891","-1.48524169735188","1.45389626285959","4.64759057416617","9.3052813911243","-0.0190369368025927","-3.1185352147467","57.8178283456035","-64.047106973488","32.5922111964051","30.289829491298","3.85453244895318","2.12002149763362","11.0207856442117","21.2379361287918","35.0009676191703","17.5801703743879","16.7961344439661","1.76660876568174","-8.20370481187175","-36.6567804383165","53.3855472887501","1.67522863586828","5.63829915220637","1.88853936243953","8.22810710383277","3.37929909442771","6.40256484471193","7.546471200426","13.9364301737537","7.62828592298754","2.26368817563613","2.60676642939541","13.7873730187089","-1.81975035118309","2.63385099105624","5.5137905789381","-12.0367930960454","1.5021807095434","7.95904804990212","0.517705525140073","-1.54525198319173","-2.15574219066178",
"Iceland","ISL","GDP growth (annual %)","NY.GDP.MKTP.KD.ZG","","-0.0741840750400797","8.31477354616688","10.2810142672661","9.88191422626177","7.29638018286288","8.75065886498352","-1.26030052797319","-5.49828177696551","2.38961032371272","7.45814314227431","13.0608375831739","6.17733454676718","6.80600969930141","5.70629209965455","0.64615505171875","5.95936756657377","8.82227726391153","6.01671453236096","4.86058242659418","5.74792072898289","4.2650070463216","2.15456624389918","-2.15116172402108","4.12911824601976","3.29284143329744","6.27054192019342","8.54593973363589","-0.089725977854286","0.258439804261698","1.16937035968014","-0.223525498840075","-3.37389416853765","1.31344949985998","3.60885792911003","0.116583656161382","4.49765336794034","4.14087045329792","7.01048323038307","3.89798762511016","4.90518213950493","3.84093935332692","0.542286728290463","2.28136971847135","7.62260520494142","7.02934061160924","5.67161248703039","8.74132941862472","1.69961072411662","-8.32146414938261","-2.22181843777449","1.37999669197329","1.16931174934061","3.59695697128252","1.91381613095174","3.76859020213645","6.21808764670307","3.48506704155555","4.66077036232377","1.13821227336888","-6.64587810456635","5.18057190719905","8.85729897856851","5.0322597376242","-1.2828764442695","1.27946207863934",
"Israel","ISR","GDP growth (annual %)","NY.GDP.MKTP.KD.ZG","","11.2038898974002","10.1561168171325","10.695723235584","7.93718694756733","8.99794788994292","-0.0796471421118241","2.99502647219659","16.2419517102616","13.5657021366781","7.30733562481677","10.9510708625275","12.1465543644432","5.58746394207819","6.47616144401562","3.24281927767115","0.322503652229273","1.03529921058237","5.55508715376642","6.20781581339436","1.67044186363161","5.33992670698777","2.08250042347377","3.35910137510471","0.933214010494638","4.03694020672467","4.19014432194915","7.13971140010318","2.91001631242278","0.574746841063316","7.3151991296676","7.72611507495277","7.75926624282712","4.11675642426739","7.42784534825054","6.60292461082722","5.83892253875895","3.61026597240067","4.1019344139424","3.28835789304527","8.59152200608253","0.270471415054473","-0.152880392675172","1.43455918035305","4.64944459908543","4.35256427740218","5.59106550120008","6.31307137087018","3.2158134842205","1.22017480850096","5.54470607068944","5.51341969081251","2.40993765217618","4.09013743330735","3.718144149431","2.23599889603805","4.53601939236572","4.34394518932547","4.05349952888294","3.57898762923605","-1.80206927953466","9.33534690236249","6.36407234798706","2.06272504731618","0.953618469238535","2.93114966387968",
"Italy","ITA","GDP growth (annual %)","NY.GDP.MKTP.KD.ZG","","8.20724597589673","6.20365038538202","5.60972790418452","2.79770230068472","3.26802365121867","5.98479421486059","7.17861243185169","6.5445545873539","6.09805993564241","5.31050247643583","1.81810794624113","3.69048578366487","7.12586233109471","5.50014109691006","-2.09016289171086","7.12538510094043","2.56050082604729","3.24013978059317","5.95915952688955","3.43001634618649","0.844227628121416","0.413585694308892","1.16920342741862","3.22585239030356","2.79808575480784","2.85997186889063","3.19196062140115","4.19437725054567","3.38838350504491","1.98577491758405","1.53844759206665","0.834275417393798","-0.852805731913904","2.15102367074849","2.88683671925843","1.34558477192847","1.92572122608527","1.8043732818638","1.67799157943422","3.88209885062652","2.00643329837733","0.26992966378873","0.0665538088732092","1.4740217064723","0.762410677306491","1.79947992234244","1.46229205289291","-1.02313851177097","-5.30515401233991","1.52910573247101","0.695463154440176","-3.12523877282996","-1.81802510749792","-0.00138761730454462","0.885667635240807","1.23622108511661","1.60369995294101","0.826646712344115","0.429162533780342","-8.86822122185345","8.93106210800055","4.82117669913565","0.922796543670316","0.783039135276795","0.539583636778445",
"Jamaica","JAM","GDP growth (annual %)","NY.GDP.MKTP.KD.ZG","","","","","","","","1.80863851891935","5.74413221562098","5.57467387070459","12.0644090390182","2.45807345173883","18.0085552919373","-5.48550909116167","-4.22926130986501","-0.25609225691494","-6.6942450951283","-2.59754869763765","-0.0537003148015742","-1.06004131730283","-5.71415924592799","2.63944799408762","2.06923162402543","1.90907840238197","-1.54234579969579","-2.94363557496624","1.88258818544895","7.850354826906","3.97430201540247","7.17330434565815","4.2005351147029","4.83823875455573","1.95554250017773","9.41710256580915","1.38338980682033","2.34995703773234","-0.113731205844019","-1.14045987350366","-2.33455353946911","1.04767386709968","0.87870355044231","1.34492956615135","1.99729094191295","3.66631759041991","1.32372510450574","0.893797935409893","2.89912534481287","1.43195403769627","-0.811736702186792","-4.34530185828071","-1.45714720850386","1.73037627006349","-0.613636042132399","0.517686011311724","0.689822359762587","0.92148712399856","2.76043761369557","2.29303371291363","2.51584458612513","1.80943147301357","-8.30441923583135","5.70467978309095","6.43930323656186","2.74634433906714","-0.535039063867487","0.0816454877745656",
"Jordan","JOR","GDP growth (annual %)","NY.GDP.MKTP.KD.ZG","","","","","","","","","","","","","","","","","","8.29840885389555","14.6795660169677","20.8029092647021","11.1848464618953","17.1787174397624","7.025943387032","-2.219738554459","4.29168776522472","-2.70694716427701","5.50463424186405","2.32327437695257","1.46216981660774","-10.7292192804856","-0.275903907591626","1.60853107260195","14.3497760596895","4.48698977985747","4.9714766996471","6.20087444373824","2.08702078168048","3.30847538304697","3.0121726904659","3.38953079405096","4.24571192079151","5.26995757513606","5.78380792679309","4.16166755544363","8.56721424236906","8.1465948107994","8.09297527811921","8.17616995204655","7.22038637280149","5.11667226950634","2.6377158262256","2.90729315392207","2.40465716535539","2.72311205964112","3.32287328047509","2.52261671092148","2.11166806967252","2.50770398070352","1.85383415616927","1.85633006592765","-1.15257534158022","3.75201276755828","2.7468615450031","3.12900102017251","2.55605891810194","2.82660839845745",
"Japan","JPN","GDP growth (annual %)","NY.GDP.MKTP.KD.ZG","","12.043536357022","8.90897303614973","8.47364243635415","11.676708250654","5.81970783966972","10.6385615902031","11.0821423327248","12.8824681707163","12.4778945420024","0.399050611065093","4.69899204214205","8.41354725497627","8.03259997458245","-1.22523982750916","3.09157591623077","3.97498409113672","4.39033795009327","5.27194150317187","5.4840418324284","2.81759120738283","4.20933646523171","3.31245673740017","3.52304498510377","4.50199481622435","5.23338094687848","3.32652561623384","4.73066586040017","6.78502010955764","4.85803768615389","4.89271306574565","3.41749676183089","0.848069581218368","-0.517919847117952","0.99306636322622","2.34205546196849","3.07546731409349","1.36297109407448","-1.77264091037956","-0.347600398675738","2.97832688768516","0.284608556379041","0.0849888050363319","1.38010935830795","2.11294823723127","1.8482813374834","1.54630843078741","1.72837912865577","-1.16662209355141","-5.9359411383964","4.13645589222239","-0.20035785332982","1.64893452981225","1.99727653399265","0.905915486065865","1.79997735783475","0.704986495111257","1.62345062245441","0.834143845965585","-0.308496921143259","-4.28327942675573","3.56419531474475","1.33164750653741","0.720785304749811","-0.240084236041696","1.19311288444599",
"Kazakhstan","KAZ","GDP growth (annual %)","NY.GDP.MKTP.KD.ZG","","","","","","","","","","","","","","","","","","","","","","","","","","","","","","","","-11.0000000016926","-5.29999999893468","-9.20000000203308","-12.5999999983168","-8.2000000011824","0.500000002073506","1.69999999949513","-1.89999999942479","2.69999999784199","9.80000000214156","13.4999999984358","9.79999999960842","9.30000000033759","9.60000000136854","9.69999999922682","10.7","8.89999999999405","3.30000000021091","1.19999999942873","7.30000000329814","7.40000000144188","4.79999999528297","5.99999999671084","4.20000000566705","1.20000000053288","1.09999999910173","4.10000000257358","4.09999999309841","4.50000000091883","-2.49999999628","4.29999999729456","3.19999999970734","5.09999999973641","4.99999999996936","6.5",
"Kenya","KEN","GDP growth (annual %)","NY.GDP.MKTP.KD.ZG","","-7.77463490371655","9.45735874072126","8.77834021621184","4.96446728844091","2.00909417103099","14.7285664015687","3.36123203258556","7.9826899693479","7.9592244594956","-4.65544691647621","22.1738919255764","17.082429349983","5.89658021016672","4.06561734893735","0.882203175319148","2.15396450322561","9.45379784408087","6.91249354626197","7.61522604591983","5.5919762059677","3.77354419402822","1.50647825757706","1.3090502411486","1.75521697703473","4.30056181879613","7.17755539065963","5.93710744420895","6.20318382314591","4.69034876792047","4.19205097155167","1.43834679171559","-0.799493958641349","0.353197256227247","2.632784517837","4.40621652482287","4.14683926876013","0.474901921293579","3.29021372249065","2.30538859522412","0.599695390807426","3.77990649795343","0.546859530175595","2.93247554570904","5.10429977629738","5.90666607980057","6.47249430015484","6.85072976998784","0.232282744812977","3.30693981631089","8.05847360290906","5.1211061197056","4.56867961444982","3.7978483925754","5.02011100232484","4.96772112759767","4.21351706814744","3.83795817364721","5.64794640709219","5.11415885767801","-0.272766327438816","7.59048947333467","4.85998104287999","5.71999241214208","4.66019594571891","4.63261093844984",
"Kyrgyz Republic","KGZ","GDP growth (annual %)","NY.GDP.MKTP.KD.ZG","","","","","","","","","","","","","","","","","","","","","","","","","","","","3.2999683719047","13.2000300558198","2.78975093876642","5.70279663301396","-7.94392523772915","-13.8378377984379","-15.4593282242512","-20.0851588393243","-5.4238219222602","7.08450239536558","9.91525389550945","2.12183528473682","3.655789399748","5.44333663288322","5.32162141190466","-0.0173246130360667","7.03029319731168","7.02681242497607","-0.175515404044219","3.10289874199981","8.54287477507607","8.40161604861429","2.88629457537731","-0.471566596791618","5.95627429693504","-0.0881501998439376","10.9154694528045","4.02403863083252","3.87582544512439","4.33585592190116","4.73993722377884","3.75791013557165","4.60062565707598","-7.14897757727955","5.50700762671923","8.96750520041391","9.0132928339342","11.5397119406559","11.0960203357132",
"Cambodia","KHM","GDP growth (annual %)","NY.GDP.MKTP.KD.ZG","","","","","","","","","","","","","","","","","0","-14.6764073144395","0","-12.8285637744816","-5.66840616410634","0.0410921165318001","0","4.43340631077345","4.93207926062351","4.67018404006252","3.80081800784569","21.5315192666416","11.9769088837606","3.47938318460915","1.16231184838939","7.59129793854025","7.01753837770227","4.09837080453724","-34.808638773859","9.90346890117173","5.89750560694478","4.00662107873787","4.68163210426384","12.7053811380498","9.99358032292079","7.38971065070517","6.26507280509637","10.2836813071691","9.45769481103929","13.3033338358455","10.9433600681694","10.398458101201","7.47636606631011","4.07477850599065","5.07691843229247","7.28665813879552","7.65025657870362","7.8574997554252","8.00032074618566","7.20703472529512","7.90550116130704","8.07503915535979","8.77622376224463","7.93695013588524","-3.55572193406549","3.08984284148661","5.12990110773977","5.00733043811898","6.0158145735202","5.34932084572877",
"Kiribati","KIR","GDP growth (annual %)","NY.GDP.MKTP.KD.ZG","","","","","","","","","","","","-2.29006002273755","12.0792270711954","20.9098828890047","45.3027533157077","5.34441976886055","-26.768232358117","-4.61262962866989","1.05959352122285","-11.584994159295","-1.0793657199724","6.12219427064029","-1.09015193891933","-9.77794175437276","13.9184874692011","-13.2401226513068","-2.4657236254406","1.29273394156704","22.0454150997514","-7.29244160715844","-6.38533433567764","-5.64868397369625","23.9592331951046","-0.103994679118841","2.04525656211744","2.75220829710202","-0.052046772241269","1.17713309543956","4.44227399222601","-3.91423190476861","6.74266531257052","-3.14412917759699","1.44715494184476","-1.57546689217141","-0.608967597152244","1.29243029465849","5.77693449836185","3.05507981566669","-2.98473121631831","0.536801194648319","1.2259519892488","3.26372719532225","5.80365974645258","7.73092188699647","1.26366268044595","11.2653209431294","7.08803465778669","3.71200171622053","3.42465753424656","3.31125827814569","-1.28205128205127","8.44155844155846","5.08982035928143","3.13390313390313","4.69613259668509","4.22163588390501",
"St. Kitts and Nevis","KNA","GDP growth (annual %)","NY.GDP.MKTP.KD.ZG","","","","","","","","","","","","","","","","","","","3.90990418237138","7.5976750284066","8.44012103734693","1.54690338408525","0.547738044741152","1.18672046955245","8.86580745735674","8.55006826734157","10.8569938490329","6.55034522837651","9.22537497565092","5.47979407673375","4.87725151603959","-1.86468912891613","4.26897382542985","6.80194941601546","5.30171905117815","5.38314265701612","5.84283802585985","6.82396677607342","-0.486745779185156","3.21988642181456","10.042808415173","5.25344983010886","1.36771507253633","-3.93339486032939","3.99634666125431","9.73282070298016","3.15038119968223","0.600602326543751","11.3170358267109","-3.40474015376245","-0.0541942065330545","1.61660730423688","-0.737636737448398","5.72728087234704","7.57696602328922","0.694135527876625","3.93270319273282","0.220941147299996","2.00352549800972","2.93824658056356","-15.3018891740649","0.367606879216311","10.4804941546807","3.02127526129283","0.312226855858171","2.68858456990016",
"Korea, Rep.","KOR","GDP growth (annual %)","NY.GDP.MKTP.KD.ZG","","6.9203873483396","3.92175773832845","9.00980852779276","9.42671363350965","7.31363967906637","12.0079930944014","9.15142541597389","13.222886263609","14.5906815127852","10.1670415997143","10.6514008040897","7.33682343209188","14.9746910473879","9.64890876792887","7.93151191415265","13.2631948828989","12.3772941278967","11.0694555184031","8.73691533999403","-1.52426391001066","7.40382133739918","8.46826958565821","13.4668057465528","10.6366054976723","7.93879547760545","11.50298504807","12.8922089918574","12.1331951107172","7.16501737923842","10.0248996213899","10.8749739277708","6.35159199606441","6.99471791742556","9.3718357757101","9.7358937505409","7.99042982526839","6.2821926537929","-4.9389297463141","11.6172629559591","9.2018583880479","4.72593560322356","7.74399895319569","3.07472661826947","5.1836368597334","4.35823667337156","5.24500550580342","5.8419633918717","3.00440451679569","0.81986175641795","6.98166138853071","3.6880320602952","2.54766550568242","3.2913959543442","3.21468019683108","2.92029267301234","3.17152748983935","3.433191763972","3.17611568177327","2.31380210595475","-0.700242317542106","4.61296795454287","2.72756456708991","1.58301467403629","2.00361101838986","1.00701840291242",
"Kuwait","KWT","GDP growth (annual %)","NY.GDP.MKTP.KD.ZG","","","","","","","","","","","","7.04368095489498","3.90077636977662","-6.57007472476863","-12.9913196130423","-12.2744086966918","6.6061845107545","-3.84753686100728","7.35477437313764","13.8992104051842","-19.4107452350066","-18.9247311849823","-11.7491028182833","7.93847241856736","5.241605241467","-4.26459143817853","8.56771256493248","8.14615154374816","-10.0526170080749","25.8928571450524","-26.2288925207873","-41.007790668086","82.8093290262528","33.9904675559008","8.43616564472201","4.85829125202741","0.605127158807079","2.47332525804084","3.66205472795443","-1.78900912450079","4.69458187079211","0.213332576499354","3.01428315192251","17.3260204175143","10.2402980586354","10.6090449840228","7.51477300024021","5.99157551059315","2.47975694278544","-7.07605643073411","-2.37054804425912","9.62863419534361","6.62587485078971","1.14946552780648","0.500914669444924","0.592770817217982","2.92607584256388","-4.71222270495362","2.74333045031415","2.26381706595791","-4.81731593381585","1.67213054307859","6.75866711966617","-1.64087799968877","-1.47401818168846","2.731825804492",
"Latin America & Caribbean (excluding high income)","LAC","GDP growth (annual %)","NY.GDP.MKTP.KD.ZG","","6.05257793588663","4.54601633830656","1.82820281393117","7.83738946340068","5.74291853244742","4.44162619793649","4.34739408068016","7.43297321434689","6.61144844357089","6.86243956420695","6.71777367463943","7.43484419058591","8.62895362806898","6.48031606142436","4.20197111701243","5.57763609566126","4.77093167985285","4.20602593229782","7.11325379703575","6.27152437297573","1.00580400775378","0.398913518292261","-2.37880934436335","3.91911835252697","3.07276396399732","3.43764102984932","3.19714237551516","0.538628036203349","0.821855146215356","-0.276351732454444","3.07159566010415","2.20618931167134","4.1901530452009","5.06502781597126","0.516086697384722","3.805772588766","5.3585880490713","2.69433759712095","0.331534013817247","3.62342322715857","0.238359583765259","0.063236481052968","2.10899402237202","5.60352299253309","4.16007347500616","5.36660487562762","5.40989294955034","3.77542199431176","-2.44468420542675","6.42272825881251","4.41721328660691","2.44060941447695","2.72471630094604","1.11641330983845","0.0699385356183484","-0.977477793493975","1.58746258230468","1.15229755041935","0.182794027991264","-6.79640022295334","6.85451332312384","3.97595959337909","2.12680994822227","1.99001515816749","2.21490070818977",
"Lao PDR","LAO","GDP growth (annual %)","NY.GDP.MKTP.KD.ZG","","","","","","","","","","","","","","","","","","","","","","","","","","5.06996394724837","4.88513326275412","-1.42579238293395","-2.01020105305003","14.1906366290998","6.70457869081514","4.29656364110154","5.55985776817542","5.91255655432118","8.15901853271809","7.03125432419004","6.9283237283322","6.87209127120695","3.96760809197698","7.30637607138169","5.79878232861959","5.75141287983195","5.91874368370564","6.06700230344272","6.35769548008234","7.10756836811267","8.61926620832807","7.59682880054878","7.82490276337012","7.50177491225853","8.52690551739717","8.03865268023725","8.02609843461283","8.02630022699017","7.61196343979319","7.27006584373785","7.02283625501138","6.8925308726989","6.24796000755872","5.4577350924848","0.503031829018681","2.52835100486102","2.70742652643155","3.74568140158232","4.13019264438475","4.53760564766725",
"Lebanon","LBN","GDP growth (annual %)","NY.GDP.MKTP.KD.ZG","","","","","","","","","","","","","","","","","","","","","","","","","","","","","","-42.4511182157698","26.5331600932491","49.4473791849141","16.4383457045728","10.7656697971889","8.10524197734502","6.44886256985258","11.2859357161668","1.05496666740667","3.66572378505683","-0.525584634783087","1.34187161970405","3.83966927702973","3.42314982843781","3.22709826879041","6.67944461641103","2.68577931016345","1.54951500083213","9.31062252641144","9.06912826789082","10.232155577776","7.97513555844932","0.86733987855277","2.56479133680038","3.8278734986016","2.48406010500743","0.462320792597581","1.55454940856943","0.903028464073813","-1.88470575631651","-6.91492472851026","-21.3998996914321","-7.00123862514116","-0.621678970663112","-0.760584470257314","-7.07989192861814","",
"Liberia","LBR","GDP growth (annual %)","NY.GDP.MKTP.KD.ZG","","2.43998542296508","1.3446060733405","2.27446063593885","5.15196130203739","4.79378627844778","7.70265600116069","6.74579084966074","4.76887169722187","7.28847299452673","6.66319270701399","4.90483027900189","4.14049563165185","-2.25597518400502","4.75320033514291","-3.46858948909045","5.31073407721753","1.58798454932254","4.81622063946101","3.26481969521633","-4.09836407281566","-2.13675012435537","-2.43293723906788","-1.89685282159904","-2.10731569730636","-0.843318161003538","-1.67859810155988","-1.00160074690007","-2.04189816424886","-26.6684493323435","-51.0308649467486","-14.2252140499536","-35.0856779208949","-32.9753952616656","-21.7623463097001","-4.26620499022189","12.1212036605122","106.279814466616","30.2081273744464","21.7414468042611","28.6159342546183","2.92027476569781","3.76301761700071","-30.145132727942","2.61984689477413","5.28121245309295","8.04390997190059","9.53527536282282","7.14569112811476","5.30054050291531","6.09982524004147","8.20076822497064","7.99381444555367","8.68728781639683","0.701393100287518","-0.0185649695590939","-1.5549586174878","2.45515592012239","1.15757512207355","-2.46729763532686","-2.98249127649473","4.98671283481617","4.80810517290655","4.68375688761311","4.02185464964835","5.01656107992214",
"Libya","LBY","GDP growth (annual %)","NY.GDP.MKTP.KD.ZG","","9.89580391901764","32.5246410009676","35.0203767261421","45.0716938128605","28.1488789645187","18.5921637345644","11.1100869677181","33.8639151717893","13.0878908208299","4.95074891903874","-5.27752502339565","9.12584054018133","1.93661971417217","22.1934369650876","4.0282685479679","22.8809523817653","8.85272018683338","3.30491881279562","8.95810997017298","0.68528052679342","-19.1901808011163","2.80605677675277","-2.47222728000759","-5.04178142890187","8.32677842607399","-11.3525063155837","-14.7020531689967","7.57902335976675","7.19941714616827","3.72013163404128","15.6551316776498","-2.71227407954309","-3.76319264327812","1.93478674200678","-2.2204069560875","2.13412320029278","5.21267102136972","-3.55224474739784","0.749659257603952","3.6792704082","-1.76283887062603","-0.958897332849631","13.0160372478013","4.46163899648637","11.8707565226151","6.50052541959279","6.22998278561838","-0.162048238799883","-4.4001817631021","5.0272476723775","-50.3385151384986","86.8267484395784","-17.9979615745681","-23.0428058282215","-0.842656252118843","-1.4909411172622","32.4918021862688","7.9413678529104","-11.1960828853386","-29.4552967282824","28.2996823429147","-8.29981811198795","10.2000497852517","1.89995052025442","13.3717080516958",
"St. Lucia","LCA","GDP growth (annual %)","NY.GDP.MKTP.KD.ZG","","","","","","","","","","","","","","","","","","","10.3119407617241","3.79273440292036","-2.22052811020254","6.31025315590261","2.08634210684508","4.96538398505454","7.26557365165689","8.28776508696711","14.4020192775924","3.92373138061495","13.8996638309097","8.98100421493095","9.89070151995526","0.375678035079076","7.9530753604442","0.583199758222051","1.59856016206341","1.74822586503767","2.92258795742219","-0.694130142059308","6.28647121511862","2.67060351127419","0.0487485535201131","-3.40806396189404","0.416450493043214","4.26461148738223","7.2674088699471","-0.410304726290235","6.19525729141048","1.69161857433913","4.94932194028057","-2.82889954830628","0.330018546071486","4.32694280532142","-0.108756148262358","-1.81877603735991","1.32809022110105","0.101917836412952","3.42787214525211","3.37982617272246","2.88677902171601","-1.0293678947917","-22.9005138634176","11.1466993240856","19.3456795355342","3.90774802925928","4.76890217855616","-0.57407528214496",
"Latin America & Caribbean","LCN","GDP growth (annual %)","NY.GDP.MKTP.KD.ZG","","6.01684895869099","4.49834759432073","2.15089264261159","7.45897413093451","5.58840471681887","4.78055809363522","4.27033423398808","7.12341918975609","6.57411275095929","6.58512875527441","6.64612769158839","6.93877776899137","7.95242924398072","6.06498144971096","3.58955015136797","5.50463537119165","4.91958350771336","4.44826782141135","7.14608793880198","6.26237465545844","1.1512895899786","-0.0900539474487516","-2.51665422587178","3.91885485577434","3.03765858460645","3.55422983051885","3.34561294333167","0.793494595754268","1.21208963314228","-0.174475754650828","3.17667734182869","2.67489256618092","4.26732480601663","5.03979329408473","0.947698653796692","3.89608635168199","5.46327316670241","2.93131872781875","0.535444486342413","3.62290324933474","0.531799559144957","0.218218821588195","2.21067339617767","5.72011461630102","4.0926769732141","5.26208115771729","5.2877791396708","3.68881572228068","-2.30254101109895","6.15136362667808","4.39575762072283","2.64583304322979","2.71733038737128","1.19675253046894","0.239853960080666","-0.730974962811146","1.55352771899284","1.22291785556858","0.317364964426716","-6.85943781930433","7.07608139571873","4.09058657203177","2.20678468368602","2.25497168830525","2.32153204967842",
"Least developed countries: UN classification","LDC","GDP growth (annual %)","NY.GDP.MKTP.KD.ZG","","","7.54485495470027","2.02907679483155","3.59358330814061","3.69680797578738","3.32665016339655","1.04510941840354","5.13348688203408","3.3271105012258","-0.603646129489647","1.73909369105229","-1.42082477221457","2.25116596315556","5.62366111824701","0.529885879339204","3.88078636277436","1.95309152038317","1.53785634735139","1.82394582386264","1.98263997274964","2.36384617060959","0.995462947117119","1.65064455379948","2.36548395768715","1.68772669590622","3.30911738208388","4.1918903275154","2.88739016496457","1.74354769218246","-0.115804535924468","1.8301581089315","0.260045967578961","-0.545786237108118","0.68193577355548","5.80416026558292","5.63266309420389","5.3402517860758","4.03677427666179","4.0186087696833","4.27162166008603","4.89969883950137","5.42131301685002","5.15507357801441","6.54512671878777","7.40493742253388","6.85952136605701","7.25732555977916","6.45508913329797","4.22570820722019","6.365655151586","3.04728800769018","3.29372099348686","6.06991554579403","5.34524804033678","2.75018770897304","3.79797989969202","4.50257523548829","4.65270171918264","4.82459913567837","-0.181011978205504","2.75579291386683","4.71510989192116","3.05090811063616","3.87232968748361","4.30000841303122",
"Low income","LIC","GDP growth (annual %)","NY.GDP.MKTP.KD.ZG","","","","","","","","","3.43471982457963","5.64880786586204","2.88652885980649","4.73623098449085","1.65346133153388","1.43820602417033","5.72795831597443","2.61552737455779","3.29948791456101","2.71296715278886","-0.351529889635714","0.591309206168077","2.43796641272105","2.96216326573395","1.17605111234565","1.54592711231976","-0.903433232427702","0.615946476525025","2.47220437428113","5.01905219154591","3.55937200893641","-0.153079622269729","-2.96116810086039","1.40008692409029","-0.167858576193296","1.1852518162294","1.55854026949298","4.83225965729963","5.59900129140436","5.89536636966513","4.172519586032","2.56474771916146","3.16154587166466","4.69985953635334","5.36975493414869","4.3794101267205","6.40825747314327","6.6628735413985","5.76878931190947","6.22998137170912","5.53324926847878","3.76097175081441","7.13305260793007","0.356264211679687","-3.15353541968391","4.09825706662804","3.78812661472445","-0.422605997956367","1.79417060199694","3.16424373054566","3.50195265516888","3.95860369775775","0.270078071528431","2.03102251641869","3.73264703552607","1.21474688217289","3.40605658075204","5.33668200665313",
"Liechtenstein","LIE","GDP growth (annual %)","NY.GDP.MKTP.KD.ZG","","","","","","","","","","","","1.66922206623059","1.6692195289189","1.6692256792973","1.66922246260894","1.66923225070657","4.75867210711398","4.75867708458514","4.75867684230937","4.75867142807277","4.75867251061639","4.81482023600704","-1.59010688585576","0.538599963921854","4.28570943461186","7.02055443563529","4.00000004388119","9.23076795685181","5.63379830669763","4.49198530248391","2.25287099550282","1.80117005853981","3.60829384387156","4.33210120561074","6.86614413219762","5.8755504001748","6.90530179973636","7.22513485456875","7.76126283694691","10.4109232010236","3.22019308239609","-0.733092455297992","-0.993919947159299","-1.93756534125014","3.03917210306501","4.82807677743524","8.64496857267281","3.325963509369","1.79808847836411","-1.15748291975636","","","","","","","","","","","","","","","","",
"Sri Lanka","LKA","GDP growth (annual %)","NY.GDP.MKTP.KD.ZG","","","3.81801955808436","2.51674859433071","3.90643383678592","2.5369535357154","5.0237894383188","6.43902442038787","5.80109416633509","7.71681966188686","3.84662985663837","1.30690539651886","-0.410479911058076","7.05739893467769","3.84583083633434","6.12623316072201","3.33510669179992","5.10059026388485","5.65383685776763","6.40355692592513","5.84602651617143","5.69952476661454","4.14149570229377","4.81399096956454","5.09914655789932","4.99940636872589","4.35554691657009","1.72561069291237","2.472685037698","2.29930141198645","6.39999531084838","4.59998724404535","4.39999125181939","6.90006325149474","5.59991872510166","5.5000852341585","3.79996720568178","6.40539969571286","4.69842304772052","4.30054049813373","6.00003315828934","-1.54540813366026","3.96467568513113","5.9402690780223","5.44506127885352","6.24174804376447","7.66829190107919","6.79682611892866","5.95008814473897","3.53891205317842","8.01596737040464","8.66948301160571","8.6321813769906","4.0517463303875","6.37797889684965","4.20595547501601","5.05362488993089","6.46068127080994","2.31008425504933","-0.220483886824823","-4.62451503712715","4.2074764950026","-7.34919311146656","-2.0289296690344","4.99241614398109","4.9534339114043",
"Lower middle income","LMC","GDP growth (annual %)","NY.GDP.MKTP.KD.ZG","","3.08020838459653","4.10182542719501","5.89507689020363","7.27920268594463","1.97206390431843","1.0825488820815","1.33800894137701","4.07096400014164","7.52883086547627","7.63243913161311","4.498420701746","1.37948447646059","4.35224295517244","4.79885683438066","3.23767236986356","5.36146054563353","5.72083829522485","3.40319374209666","0.791858070740957","4.374819809432","1.37910381779362","2.00704318693099","1.38762585267345","3.80643679990737","4.80705335584358","4.02953909258521","3.67565705047063","6.90442280730157","2.36888747282677","5.38970985635385","2.63406552761765","3.74678816092104","1.81417803767454","3.41472551228983","4.95068183822455","6.06737420870951","3.89069623399025","4.66995519468514","5.04250457099371","4.00456052600455","4.39763084187854","3.89322800169158","5.42892222853892","7.52176286421549","6.89542155812637","7.18376142658737","6.96094960490905","4.53663651840101","5.97682455176533","6.56205140134733","4.67689963318121","5.04178189062404","5.52992585202499","5.78869944897494","5.54051938384552","5.00300529129822","4.80938629568179","4.90431450173897","3.403376204922","-4.21903396199713","6.79896357094398","6.27876038879147","5.29082296744885","5.37952719978989","5.96181800412216",
"Low & middle income","LMY","GDP growth (annual %)","NY.GDP.MKTP.KD.ZG","","1.03184306489949","3.69131353509262","4.77948433545446","7.92405254258762","6.02747126703129","4.85399443964016","3.18932173150084","6.11376355413104","8.01089566401404","7.94306063003023","6.07743361459328","6.04899709383619","6.86093058838142","5.95396153785508","4.23522405595395","6.2527195728894","4.589218447435","3.64367320960656","4.50661126217832","4.56855104909974","1.88198169467566","2.8706061244728","1.4467147542715","4.65560638893596","4.40239562869722","3.71939267401618","4.6670610664309","4.14758100028405","2.81783728100152","3.16877084222831","2.9471244885775","4.26256277244595","4.96521391658919","5.0718554674518","4.61361200016941","6.19533993963431","5.68015227989451","3.2914038832978","3.5979137957907","5.55329159136653","3.67085057446828","4.68460183519959","5.80567258902332","7.76611315073565","7.3947053352083","8.2375766191162","8.84570128910771","5.94615134695435","3.97294750720383","8.10356588001835","6.34125454342687","5.49917464653294","5.61734235164751","5.13797592071302","4.65256634204385","4.64827928186369","5.26386453553506","4.92164615265142","4.09130986730312","-1.15067064256841","7.37033958733097","4.00803776152725","4.65212132351984","4.42439890311286","4.53280075988324",
"Lesotho","LSO","GDP growth (annual %)","NY.GDP.MKTP.KD.ZG","","1.86479515845272","15.331814336689","10.61506995942","8.25111816012223","2.15410555150743","-0.405521384253262","10.9120615281481","-0.367120035797669","1.54753668338866","2.17707116764228","5.11371769989597","-0.202708350280261","26.4048810769096","10.9800889492213","-13.5134975529629","11.0491291576175","21.8090349742949","18.3168748732824","2.89391877929322","-2.74477923142398","0.694638131916435","4.45720389480559","1.98616536341514","5.53489782139683","2.6102493308543","4.68485602619326","0.729728231723655","8.60191907664445","5.79524440411279","6.04547332978933","6.96660729603671","6.95636495400254","3.50976615760111","5.97987353536386","3.29093812272822","5.59703605867827","3.70360343607432","1.53765589433743","0.476025052201194","3.87554677576694","3.56158183392093","0.723836067167127","4.55977716384528","1.69237417358596","3.46612222755311","4.23009522805209","4.18791409957151","5.52341966978646","-1.25375779920832","5.26967078056286","4.61641394528752","6.33408374679448","1.79252555575545","1.71054990545476","3.12406678044546","3.60890731687714","-3.13817493733471","-1.48063315848241","-1.41799383085205","-8.15595785459911","2.26670961833291","2.38778020186284","1.69433177608774","5.22503380336101","1.98256080770996",
"Late-demographic dividend","LTE","GDP growth (annual %)","NY.GDP.MKTP.KD.ZG","","-3.71065784277039","2.98070424463639","4.13987115781009","7.19042865745325","6.66606743261254","7.70263056750117","1.7649474648353","5.17969400652139","9.97466872528257","10.8369179668784","8.50408373479519","7.88256235278237","9.81651254812448","4.9570103512163","4.34537587964014","6.60444339314365","6.32475630423916","6.66472264497295","7.76234079570408","7.28977392054784","0.141237726017309","1.92941811502878","1.76305114796065","7.81573638956363","7.23600812541731","5.79337463099698","6.45360299998521","5.13580279831658","4.72961524858138","0.240783032198351","0.51228496959979","0.826749233012336","4.34209627049079","4.46756930390406","5.68495490928488","5.11480573292862","5.65459914779815","2.87745461357565","4.66487397415709","7.02510902300111","5.19901909234986","6.04936102271625","6.87823190586745","8.20688513231677","7.79435016326815","9.29615941664146","10.2086065678187","6.95968815694457","3.74599698849585","8.01408752578922","7.1689562967987","5.88568857687208","5.62973223892911","5.27993047692303","4.70954361182743","4.44982415289267","5.26224829988129","5.44116105376224","4.74723356857159","0.235409361022192","7.59396655185003","3.28975241103197","4.43253867675644","4.52553873018407","4.45332355682564",
"Lithuania","LTU","GDP growth (annual %)","NY.GDP.MKTP.KD.ZG","","","","","","","","","","","","","","","","","","","","","","","","","","","","","","","","-5.6756642731925","-21.2589694228032","-16.2268623098899","-9.76605322187085","3.29008262426858","5.02694376847307","8.30063037348748","7.46293714937232","-1.09700818020993","3.41862206571636","6.48412665187908","6.71983945103626","10.5518959629574","6.50203536075556","7.7314467577492","7.39548122468629","11.0779282578673","2.59946154605602","-14.8386117894848","0.427199566550769","6.32363664821298","4.38290584355157","4.04691318575325","3.7725437958099","2.83280643343234","2.67192215053329","4.61224310312809","4.91836780106811","4.67735183530451","0.0428158336981426","6.39481772930206","2.46532013155011","0.739537398185803","3.03019543767596","2.92007656461696",
"Luxembourg","LUX","GDP growth (annual %)","NY.GDP.MKTP.KD.ZG","","3.82998138409332","1.35867628948618","3.43911198594992","7.86582544744337","-0.73492975300033","1.10589941514236","0.216730539713424","4.18387723458528","9.97285677756084","1.75993591351104","2.66723351069847","6.5981982956401","8.31267077441045","4.21247361331076","-6.57137080362814","2.53433057787748","1.56977197000445","4.07497535070786","2.34561008805581","0.840881769623977","-0.550953306090335","1.13129633110074","2.98908218676767","6.18693947396744","2.79170151318351","9.9839386111551","3.95097758570968","8.46328242722446","9.79806159175014","5.31993003333675","8.64419104734844","1.81965480509376","4.20064571003755","3.82092143373001","1.43220024272964","1.39807630241253","5.41972646151088","6.67419503775402","8.17613777063244","6.93809504692074","3.07427520210337","3.22528846998354","2.6192502126754","4.23067892192488","2.48250499371829","6.01662739677904","8.09852098069817","-0.302272983306707","-3.23895268839308","3.76040578658925","1.0442860057217","1.64971134354685","3.17168513780955","2.62308838097542","2.26836572735107","4.97819047122638","1.31711942298405","1.61129891211624","2.74932091920692","-0.510051634039826","6.92973270801744","-1.09741256293819","0.0994370594039111","0.358614003982225","0.63787818818335",
"Latvia","LVA","GDP growth (annual %)","NY.GDP.MKTP.KD.ZG","","","","","","","","","","","","","","","","","","","","","","","","","","","","","","","","-12.5952222309891","-32.1185703106863","-4.98297870115201","2.18990858235335","-0.944762865564712","2.29996103802466","9.17147634072084","6.55000264756266","2.81840455944993","5.84102642353959","6.46057826727287","7.66548778586991","8.42913257059108","8.72514341727928","11.6153178557457","12.825017846905","10.4145372792714","-3.38871665849958","-16.0400195313042","-3.66125859554762","3.03634482668815","7.30524057200897","2.09609028156248","2.0949597710559","3.78336712084972","2.55168601974034","3.39894872623931","4.30971286294503","0.675372771884227","-3.46922750780554","6.94254173062592","1.90853419029801","-0.941606068823631","-0.0370556648288982","2.13786855731288",
"Macao SAR, China","MAC","GDP growth (annual %)","NY.GDP.MKTP.KD.ZG","","","","","","","","","","","","","","","","","","","","","","","","10.0235760796348","8.45903981224809","0.732261858094873","6.6949970424333","14.2932173963789","7.81082461067145","5.02492333558295","7.97943699762126","3.65938964930415","13.2989545353826","5.18623877678014","4.25357492985363","3.29612425723712","-0.419861406496466","-0.278986192547762","-4.57110341884395","-2.35859213250518","5.74714593475937","2.88824010651439","8.90480904902596","11.6433551416587","26.6368742306114","8.07794929953978","13.3921711919351","14.4817728129028","3.39251560752048","1.29837946885112","25.1031075246958","21.6223064381087","9.21747479596735","10.7816711590297","-2.03874227961819","-21.7540078753246","-0.701510212552961","9.91855844513513","6.35917030567686","-2.4609094006739","-54.4020925789353","22.4622020023362","-18.956941494497","75.3084184293413","7.84960207010525","4.67106705680436",
"St. Martin (French part)","MAF","GDP growth (annual %)","NY.GDP.MKTP.KD.ZG","","","","","","","","","","","","","","","","","","","","","","","","","","","","","","","","","","","","","","","","","","","","","","","","","","","","","","","","1","5","-8.00000324038295","-7.99999506898229","6.50000363700821","-12.500002246731","4.89999967133534","","","","",
"Morocco","MAR","GDP growth (annual %)","NY.GDP.MKTP.KD.ZG","","","","","","","","10.0288413593661","9.89173930674043","8.36216535672018","4.71346037515517","5.5968936595313","2.43723734665467","3.55931083241548","5.59604994440339","7.55822156113805","10.8127813442855","6.0591676788529","2.23266338861872","4.79378720493398","3.64216481334074","-1.7434349305055","8.95737202254297","1.38656957735846","6.41838632129115","6.00765207144033","9.27110576948627","-0.325004075650469","11.8752359788597","2.84620258132841","3.41181222630115","7.21608815359085","-2.097738754022","-0.740591700332374","10.5880004161286","-5.40544787197402","12.3728762700496","-1.56070234550782","7.23855267691987","1.6970614772566","2.58218091499747","7.72182519577728","3.73019737485745","6.17110214953244","4.57138016516208","3.19224973015831","7.7908200104027","3.44106776690418","5.68453936284732","3.74576940136258","3.49955709403216","5.52464523319847","3.06234368502997","4.12221286860944","2.7192440802029","4.34458297635238","0.52118550608968","5.05789816173446","3.06564133025955","2.89097476137077","-7.17820744246774","8.15473889823681","1.81269242194809","3.65564411017931","3.79336515978963","4.59524349182247",
"Monaco","MCO","GDP growth (annual %)","NY.GDP.MKTP.KD.ZG","","","","","","","","","","","","5.22806002306334","4.64830962143698","6.55375750568663","4.47461105113078","-0.972637494746181","4.41162878464969","3.55323607971012","3.95355130351356","3.53420492941619","1.68545743376301","0.922378365935245","2.4323894752107","1.194973349035","1.4845156308988","1.70869968354268","2.4523646833738","2.48457417040042","4.59860147535215","4.1636593103912","2.64345417053957","1.01512911296157","1.36663952678862","-0.913919721547302","2.21562422660615","2.11715302190068","1.11073179729593","2.23724927742614","3.50326599643141","3.30053899589946","3.91022992758094","2.18773369040099","1.02649757327522","1.08753654746801","2.47048260499609","1.89541410859198","5.81764849670007","14.4375144375144","0.746871215179652","-11.3369865758365","2.06521962654098","7.02235694617619","1.01221841230461","9.57709832354816","7.18702777537968","4.91037176536236","3.00844358752744","-3.20618323813213","5.69790121192926","7.12088951975396","-13.2391048292108","22.2322155851208","11.2662955198601","5.44395088840088","8.51053758860212","",
"Moldova","MDA","GDP growth (annual %)","NY.GDP.MKTP.KD.ZG","","","","","","","","","","","","","","","","","","","","","","","","","","","","","","","","-16.0000002715149","-29.0999999176414","-1.1999999330268","-30.9000002261447","-1.39999905491376","-5.87706028626823","1.64706456037401","-6.54219207711182","-3.36825447657218","2.10771608200733","6.10000039929173","7.79999965773833","6.59999995777716","7.39999973358189","7.5000001493726","4.79999983670831","3.00000022585525","7.80000014541523","-6.00000026352828","7.10000010705836","5.81816614684824","-0.589733954762579","9.0438656074181","4.99962585407656","-0.338235622387202","4.64601436259409","4.17561205106279","4.07559546585034","3.5523140853476","-8.27597831976949","13.9299997889786","-4.64785101037361","1.18802067937429","0.270670455512573","2.41649734575068",
"Madagascar","MDG","GDP growth (annual %)","NY.GDP.MKTP.KD.ZG","","2.04863275061248","2.27106970111232","-0.929401622790394","3.96251884651457","-0.452253863397502","2.06455240789826","5.52856560967709","6.8287860983493","3.72122216809368","5.27645557543077","3.92936503078364","-1.27262153096891","-2.61847832966285","2.00687937961095","1.25869163453154","-3.06885839129959","2.36400035834046","-2.66180596408321","9.85465029443104","0.952707585446319","-9.80000000085953","-1.90000000001299","0.899999999396201","1.76018194295042","1.15634413876586","1.96022488163399","1.17491326106625","3.40692921036734","4.07488065683054","3.12890505042525","-6.30635159237733","1.18088494825233","2.09992318110865","-0.042101302622072","1.67859232120303","2.15420447175147","3.69349261691789","3.91707460516817","4.69922703680521","4.45685893956946","5.98023576982733","-12.4079711055149","9.78489212474175","5.25700362208742","4.75584509499119","5.3985084485368","5.71056419885052","6.71263253913001","-3.9787086116544","0.619239744622121","1.57842705366555","3.01114811621208","2.30037622800727","3.33920311195367","3.13229807490305","3.99314606199499","3.93330759462793","3.19435651744398","4.41123212909589","-7.13767162064489","4.65068343174309","4.13753534956307","4.23086580696344","4.32283728087992","3.002568866856",
"Maldives","MDV","GDP growth (annual %)","NY.GDP.MKTP.KD.ZG","","","","","","","","","","","","5.20722636743771","2.42424241756413","1.57790928646529","5.7281553146566","-7.98898069181037","0.598802385709703","11.2523540290923","14.6847228465679","10.6642066212294","18.5728576106625","11.7647058888716","-3.01221166353322","16.2562954556645","26.9554753293923","15.4160435875059","9.36058909491051","8.8291556967326","8.73034178146668","9.32680833295309","16.9522974545621","1.44269605394094","6.67082544437399","5.55676907924001","7.74948623307952","12.9857843069314","7.85864699857959","8.39794100450224","7.4946829140504","6.17565592929535","3.84581040832157","-3.94363452271253","7.26838656139654","13.7500496410836","5.92489251113133","-11.1773097061784","23.6302719852686","7.13338024717898","8.97645459033633","-8.34069861571051","6.7854678229144","8.84342600490342","2.38928797963442","6.97496226412528","7.86068643108074","3.86813536494475","6.37528306716864","7.07442863215275","8.5689555834747","6.92305989050099","-32.9088287752921","37.507870124321","13.8260895184139","4.94286301229583","3.49440422654285","6.31092335003081",
"Middle East, North Africa, Afghanistan & Pakistan","MEA","GDP growth (annual %)","NY.GDP.MKTP.KD.ZG","","6.13939485183595","5.44105900660821","10.5538421430043","9.56607765517717","11.8033255969794","6.64456287550328","7.74775389925119","12.2756257479187","10.414001331239","17.4215103827734","8.95358245457784","13.5519607300067","11.1428140237932","8.68793362133684","0.119474009111698","13.8465105806951","3.78522249004749","-0.234311357858232","5.61252783936604","1.4512727780847","0.548045965015859","-1.26801807911792","-0.403455890171273","0.125264294770332","0.595808493962522","-1.50399980977326","0.99539113840963","2.30604834134354","3.86423140836945","8.55044307216318","2.21468130150994","6.28565162738452","2.46106838088316","3.08696924407047","3.20934352900993","5.09668077682129","4.14786831542938","4.17270455425141","2.78914993222759","6.36565999509911","1.99532436082019","2.13446189825575","4.62432352744825","7.95208307446038","5.29036057989754","6.0105357176119","5.25087621123983","4.39756577528698","1.13904790591972","4.73613536721255","3.83839238292269","4.23895465902955","2.37318436266814","3.06417065422428","2.77014189000649","4.50367765418986","2.07681939089466","2.4028056194","1.58096878672049","-3.55690005451382","5.030413314914","6.44954466678931","2.29073324961962","2.3285702387722","2.74495660378074",
"Mexico","MEX","GDP growth (annual %)","NY.GDP.MKTP.KD.ZG","","5.00000000072309","4.66441467253127","8.10688692761114","11.9054807657866","7.09999999747173","6.09613930256681","5.85492487897324","9.42327881831926","3.41862002349839","6.50248403469675","3.76246768495716","8.22880731245257","7.86111986063614","5.77682723020618","5.74448504862428","4.41744413626853","3.39063970656844","8.95694232786306","9.69817013704461","8.75662242586424","9.58584115454994","-0.0495863656386035","-4.62412795987231","3.51341334932273","1.91921578613494","-3.92995990782299","2.06336322631584","1.21826122938586","3.62544873456009","5.25004329944582","3.97590497138043","3.56861354412243","2.86699945461075","4.39412788764169","-5.91029962358286","6.21829715869302","7.19887615284711","6.18507893082885","2.75503039300564","5.02928399378261","-0.450845253215945","-0.236588001922641","1.18554486709559","3.56544102622887","2.11324711473297","4.80501351664901","2.0778639395329","0.943331872912935","-6.29525056697287","4.9713345832195","3.44404505297089","3.55321076010608","0.852101550164704","2.50376350783593","2.70232343024026","1.7724932254128","1.87172854648381","1.97208211101069","-0.392690513290532","-8.35403459379062","6.04848347173572","3.70975708309098","3.1067964131456","1.35057631384696","0.561683456144578",
"Marshall Islands","MHL","GDP growth (annual %)","NY.GDP.MKTP.KD.ZG","","","","","","","","","","","","2.30991167674838","1.08184217262028","33.9227598520054","15.3231418916795","0.0602602050046528","0.361333947705901","2.43024226925175","5.62390414590249","2.1353285160797","-7.19522267447481","6.43651281900321","4.8312289320168","15.5080039135055","3.8660250433562","-6.25729173068993","24.5424987637753","9.36375397249417","7.78904656015229","-1.69160864306495","2.67624654001773","0.0877993120756031","7.14088119818035","6.00624977598774","5.87769745883959","8.21329431843584","-10.3029571066249","-6.4456755576108","-0.674095984599532","-1.33472157840318","2.45443006851272","6.93004446202892","3.63579015049041","-1.56167510462087","-0.408355471416314","1.79104477611941","0.175953079178882","3.68852459016394","-7.56634669678148","3.66524129505193","5.53918680023571","-0.502512562814076","-1.29068462401796","3.80898237635019","-1.25958378970427","1.88574597892401","2.5040827436037","3.55815188528943","5.48717948717949","10.4521147301896","-2.77288732394366","2.15939339067452","-0.700580183196621","-5.39477377525279","3.30188679245282","2.28310502283105",
"Middle income","MIC","GDP growth (annual %)","NY.GDP.MKTP.KD.ZG","","1.17582605420199","3.40922356310939","4.90632305835115","8.21988384391553","6.12531952721413","4.91613878047281","3.22440580749593","6.20815433060251","8.09194589798506","8.11264360221762","6.11995776940152","6.18654468366708","7.02337747601902","5.96037852821713","4.28111180912245","6.33492748558679","4.63986806833054","3.74950982225231","4.6062313508681","4.62067571996619","1.85560693508549","2.91240556405224","1.44419985390117","4.796661903768","4.49256588497937","3.74795444978531","4.6591055336378","4.16045107815415","2.8823193107669","3.29789225580792","2.98258908735394","4.36256593714252","5.04745312571247","5.14548300630129","4.6091890649063","6.2073946205763","5.67582675794871","3.27366308452144","3.61889710370858","5.6013730873745","3.65002366574814","4.67059403378289","5.83502698059388","7.79367527312635","7.40936933241174","8.2867008636882","8.89653898503143","5.95397977775897","3.97719888013457","8.12298995765126","6.45994281689148","5.6609285494514","5.64337115018114","5.16076456655694","4.73712887124695","4.69349170335944","5.29620389044459","4.94307020212865","4.09328498445664","-1.17178883495949","7.4508617815507","4.01198144032888","4.70121337251241","4.43845841319835","4.52178755917781",
"North Macedonia","MKD","GDP growth (annual %)","NY.GDP.MKTP.KD.ZG","","","","","","","","","","","","","","","","","","","","","","","","","","","","","","","","-6.17076764806545","-6.56519867685854","-7.46927131858557","-1.75816618126913","-1.11472769414412","1.18510388873231","1.43998133659125","3.37873564718296","4.33902791307588","4.54913578288874","-3.06725662451662","1.49366547202928","2.22260165732409","4.67408957960916","4.72408864201974","5.13702516153505","6.47348685752347","5.47200139015595","-0.358614856979671","3.35875085773812","2.33988604520331","-0.456183223607937","2.92525766450484","3.62912351276373","3.85586514041738","2.84820519363306","1.08177273813243","2.88059670964267","3.91041953840173","-4.68845000956652","4.51067949038222","2.75888415332967","2.554965253403","2.99373536567732","3.48706619829503",
"Mali","MLI","GDP growth (annual %)","NY.GDP.MKTP.KD.ZG","","","","","","","","","3.70841019648789","0.230999419524053","6.13695486255882","2.56899602355884","5.84401643095464","-1.45511580192959","-1.52882610238393","11.6250491374523","13.6234385336645","6.34864719393605","-1.46347633199147","10.3956772105956","-4.32583986899768","2.24946208406604","-8.40915367636504","-2.30134663129805","-2.81059456645639","13.1917576039868","-0.762659203660078","-0.771584850174861","10.8056984434684","3.59496047121179","-5.28752137337739","12.6572078863462","-5.05918121761043","4.34822770038828","5.5916880903075","0.728693728467363","6.36569576896082","4.12133954313308","6.65326037352882","4.70587926200665","-0.736019992224286","15.806031742271","3.03627540738884","9.79712256086644","1.47732490290102","2.53837834888921","3.68960265255278","1.76004607852802","3.63871070923719","5.45473562683669","5.57678859793515","2.93537897118415","-1.07239924147837","3.29068742053545","6.50263878386326","6.23887890181064","6.00506308559498","5.37554769647939","4.86784999935264","4.99999911699705","-1.16910834857605","3.10094124463507","3.70319027585386","4.76394100040932","5.01653579205785","5.59946842896643",
"Malta","MLT","GDP growth (annual %)","NY.GDP.MKTP.KD.ZG","","","","","","","","","","","","2.45399361227831","5.83832702652094","4.1461383732607","10.036403959707","19.5600808646505","17.0170895648023","12.1841698013333","11.1611581906178","10.490773167609","7.04971121492038","3.31176207442611","2.28445230555327","-0.612390116892001","0.942370935479602","2.58527966638211","3.88519000696455","4.11051445185959","8.41423629574032","8.17910558124002","6.29139095831148","6.25649385366269","4.69093194898397","4.48074837088026","5.6511051827337","6.34249103035094","3.77733599690488","5.25698063086301","5.12560250721334","4.71997491081015","19.6812693530689","-0.757203651807174","2.74113503379645","3.69331066307235","0.407354423655889","2.88123652429068","2.33618870316785","5.03640177981643","4.41059689827608","-1.39524956144803","6.19734978656928","0.992201768011597","4.10167460261891","6.29233378116625","7.6313628225042","9.62070302842181","4.07800422216982","12.9713425287845","7.18921425536917","4.0850557312243","-3.45728232537419","13.3509818925498","2.59276776884379","10.6340558017004","6.21275996991034","3.96156139018959",
"Myanmar","MMR","GDP growth (annual %)","NY.GDP.MKTP.KD.ZG","","0.471561080379175","4.08687253044889","13.3492949251208","-5.8940188396242","10.6926495101691","-4.85177870419901","-5.92525888262607","12.0593401836478","3.29174112062336","4.97933059716335","4.12996244451452","2.43584137286746","-0.968124718340604","5.34237568950537","4.15270918852109","6.08039622930205","5.95228661057057","6.51781702314163","5.20127748073821","7.93853808083058","6.35575459195157","5.60387642556786","4.39109267988809","4.9327280261799","2.85100023868532","-1.05734875697635","-4.00563178606888","-11.3524394768121","3.69529742267716","2.81693327328911","-0.650616908622624","9.66094245346783","6.03941022663199","7.47795835834528","6.94805143702995","6.44271534713997","5.65158296304853","5.86621315328905","10.9451299817104","13.7459305561226","11.3439970699605","12.0255134340315","13.8439968903798","13.5646616163416","13.5689500216456","13.0761013792372","11.9914352402146","10.2553053929808","10.5500090961932","9.6344394520444","5.59148237823661","7.33267044704149","8.42600102501767","8.16990745558277","6.99284029026121","5.86247291518572","6.13610824360305","6.26886221471075","6.57911006765414","-9.04834717984643","-12.0163724829177","4.0374934360085","0.958446625126115","-0.97204641363362","-2.01184475795665",
"Middle East, North Africa, Afghanistan & Pakistan (excluding high income)","MNA","GDP growth (annual %)","NY.GDP.MKTP.KD.ZG","","3.74843136140311","2.61927324111977","11.2202599397029","10.1733021027494","12.2251523564594","7.15539067220826","7.5754905386928","12.4297663395758","11.0401456605983","8.71170715809461","5.55731035460268","11.8859911986405","5.45905335460554","7.38155764870861","3.11805146573603","15.1656577711159","1.68945814969155","-1.8331859495468","-0.504599495761354","-3.29704894968432","-1.40745681504647","10.9343722751267","4.73838743541826","0.169808151922382","4.34578436096069","-1.7782232715598","1.0286349263005","1.82439279293476","2.82251484964358","9.86332706526052","1.21357127676971","4.9785597764842","1.54367232601378","2.31445648664159","2.96526368172843","5.95360573647466","3.46069865180219","5.4157104499224","4.21293330158569","5.74679689709521","2.89300839480538","3.27148145193934","2.67464239432699","7.70253248516993","4.95621150077687","5.40507334733429","5.8216939563203","3.4701124152876","2.83699736814459","4.8328610609576","-0.365571966010563","3.55312613106749","1.12317022582226","2.39697080828884","1.11561157880718","5.56210361617076","3.40247234432427","2.09831066371866","1.39546116127963","-2.61983985761596","4.33211957315503","4.3206385298363","2.89591827095839","2.26137020265979","1.99549507789871",
"Montenegro","MNE","GDP growth (annual %)","NY.GDP.MKTP.KD.ZG","","","","","","","","","","","","","","","","","","","","","","","","","","","","","","","","","","","","","","","4.90000432852622","-9.39999486996116","3.09999666280245","1.09984092979461","1.90393612601383","2.48265891351525","4.42605147138921","4.18060206704946","8.56641991756757","7.13755016459636","6.89860030860218","-5.99444862538753","2.77559782547836","3.40978812497193","-2.48732882965353","3.38612548540247","2.37030892464516","2.52306333975571","3.4393056210999","3.21668504736274","4.73292113433965","4.39391565821528","-14.9926187023533","13.0462607426359","7.73954689516201","6.47836283518564","3.16409886329913","2.74455354258522",
"Mongolia","MNG","GDP growth (annual %)","NY.GDP.MKTP.KD.ZG","","","","","","","","","","","","","","","","","","","","","","","8.34213611505781","5.83403795449493","5.93341945270095","5.71287226080142","9.37499451271673","3.45864847134953","5.10797231165017","4.17819574333862","-3.18446017825207","-8.69354473126558","-9.25646570382904","-3.16879155027824","2.13438269473237","6.3764268864666","2.23509384338665","3.89671358377919","3.33993659935817","3.07036901086266","1.14606213709108","2.95271054338117","4.73297846590111","7.00463457384886","10.6254059599309","7.25366543796015","8.55623481664365","10.2480163590057","8.90036794067551","-1.26859893608282","6.3651616786311","17.2907775869555","12.3198198494032","11.6489161878925","7.88522548204762","2.37983580731722","1.48978448679577","5.63687638694772","7.74488062024881","5.60224422064255","-4.55775197583431","1.63676957736662","5.0327096366527","7.4221127615025","5.12204539122661","6.84391415938607",
"Northern Mariana Islands","MNP","GDP growth (annual %)","NY.GDP.MKTP.KD.ZG","","","","","","","","","","","","","","","","","","","","","","","","","","","","","","","","","","","","","","","","","","","","0.343170899107761","-3.07797537619699","-12.7028934368384","-6.87146321746161","-6.68402777777779","-11.0697674418605","-17.5732217573222","1.3959390862944","-7.38423028785982","0.810810810810807","2.68096514745308","4.177545691906","3.38345864661653","29.2121212121212","23.1707317073171","-19.4973343488195","-11.4474929044465","-29.0598290598291","4.96987951807229","16.6427546628408","","","",
"Mozambique","MOZ","GDP growth (annual %)","NY.GDP.MKTP.KD.ZG","","","","","","","","","","","","","","","","","","","","","","5.00000295422545","-6.89999944211014","-15.7000020371946","-6.49999987937372","0.99999672066555","-2.29999602682032","14.7000004232617","8.19999518020626","6.50000455373727","0.999992834277037","4.92545125368862","-7.57664724880097","10.940435029728","6.44018369521994","2.12289380592357","10.6959109797718","11.8149459447588","10.3692324974977","11.816986527255","0.766234955773442","12.8516820207736","9.66850534669427","7.21770086569656","8.20470494788577","6.31202378023193","9.91067756782915","7.64935393795867","6.87802942560995","5.92897187460815","6.67972935662864","7.13405842300445","7.9945031610722","6.57141389665537","7.70256844839309","7.3930936986377","4.69699024225795","2.63820737310658","3.48493202422782","2.31781394821475","-1.21952250011192","2.37743572761507","4.3693080193804","5.50384456650241","2.14892499135355","-0.523485382072337",
"Mauritania","MRT","GDP growth (annual %)","NY.GDP.MKTP.KD.ZG","","","0.726608378640577","-1.98376757520109","27.6908863519321","16.1383305020504","0.230961966714844","3.56713289695294","10.1964426246681","1.24853208914941","11.9859311503119","1.84288643786732","-0.73290786787895","-4.58475693319917","12.162611059057","-5.13437444709423","8.54610493021582","-1.87859368235061","-0.504713833016041","4.79003983768624","3.37121021902442","3.45028841966047","-2.33992412241984","3.73534202712101","-3.22686445249647","2.99476050442846","5.71357935480469","1.90038415182197","1.72039797622089","4.77758542001072","-1.77130453327381","1.78808726312202","1.87412573649613","5.87363742064294","-3.06073216744802","9.81980039567445","5.81882663043594","-4.04469654678218","2.77780479737015","3.67317832322402","-3.91802587923293","-0.799493815789347","1.38148396199058","6.92826955106302","4.7327579245203","8.56628724906668","18.3331987597713","-1.96942275160761","-0.331079195278377","0.0978758719728035","2.62022952055378","4.17278328304418","4.47001318233693","4.15081318627171","4.27482327130284","5.37633923694936","1.26090922448303","6.27054569386574","4.77217363890155","3.14100489264639","-0.36065738652286","0.7427154981402","6.7960049994761","6.80949002457973","6.3076021190402","4.02891976567948",
"Mauritius","MUS","GDP growth (annual %)","NY.GDP.MKTP.KD.ZG","","22.8490949956661","0.806486902725439","13.8945256143362","-6.88949299356513","3.1969798965966","-3.56820454752456","4.38412936446949","-6.88965573613302","4.93297089035183","-0.402343022292158","4.27356344804618","8.34636213858396","11.9816863254232","8.8118261979331","0.90609027935335","23.7524440170884","6.54761905410257","3.830806086073","3.51652574676669","-10.0612584967252","5.88235290139731","5.49707592772926","0.383795309593339","4.69838572777765","6.95447546147048","9.74203332131593","8.89103982665293","6.79134674767185","4.46514860724656","7.18673677096","4.43544626177224","6.51269858283476","5.08206295574259","4.1361428614553","4.28773657145267","5.5878439266625","5.68747741886639","6.07194017756207","2.61093234412995","8.20279174865273","3.3475407273143","1.61491865862438","5.9254454894774","4.33001985464323","1.77754302034465","4.86554460775534","5.76380219453068","5.4630565042284","3.36352090607312","4.39672657214976","4.14555262561014","3.51062090167264","3.39755085220649","3.85773905280689","3.71766362108832","3.88576121076034","3.95441730960265","4.11669369456492","2.86394938684734","-14.1974358137792","3.33809084057279","8.3424438025047","4.69918189687444","4.94844235250574","3.15157395305867",
"Malawi","MWI","GDP growth (annual %)","NY.GDP.MKTP.KD.ZG","","7.63959785582064","0.668364743563373","-1.39107851792824","2.66110326799726","13.6164934203186","13.2490363222993","7.28154994348667","-1.92307916774375","5.88235989261243","0.479297977511649","16.2185636344396","6.23134901058584","2.30066157066571","7.17596361816257","6.08682380628677","4.99773124236455","4.91803136848571","9.74506803060488","4.39615373587925","0.406746412556402","-5.29011927676262","2.50345374982433","3.71870915084847","5.36030402602383","4.57098201312564","-0.214802401248818","1.62523929306924","3.17729140008842","1.34468950923568","5.69229463403222","8.73023176233838","-7.33297833747964","9.69184059512781","-10.2401817116217","16.7288173003423","7.3166817822397","3.79241909354917","3.89525350328424","3.04227813671855","1.57607762616895","-4.97496361892476","1.70000003078317","5.70563940467414","5.42049754993828","3.26872602317066","4.69999976404691","9.59999987683469","7.63973639944591","8.3281098524038","6.87406585416142","4.93266999813729","1.90000000072909","5.41034999817167","5.62527000105139","2.80000000003355","2.49999999914311","4.00000000089172","4.35356471619211","5.71682519194337","0.793596429787286","4.55829212016083","0.921115069005936","1.94575281675984","1.6734340852915","1.88518707821663",
"Malaysia","MYS","GDP growth (annual %)","NY.GDP.MKTP.KD.ZG","","7.59799400028281","6.42102960904312","7.33880352682334","5.35896290971056","7.68486347467319","7.81671102618819","3.85714649161983","7.97799464201174","4.88853365256124","5.98653863031986","10.0346605803438","9.38844499098961","11.7010816119945","8.31866197361978","0.801068092192338","11.5634897772546","7.75305838033998","6.65389221500463","9.34909993075928","7.44182677934407","6.94210420118173","5.94315245801018","6.25223081092673","7.76179012218883","-1.02525025342071","1.24059492750688","5.19193211272702","9.93771967651989","9.0596008665043","9.00852713774628","9.54546741443052","8.88511797832156","9.89494333377064","9.21204179334867","9.82908519730812","10.0027006861844","7.32274185035924","-7.35941518817556","6.13761201057692","8.85886816969386","0.517675319192861","5.39098830692797","5.7884992858875","6.78343772370305","5.33213916141486","5.5848470671515","6.29878592740947","4.83176988913097","-1.51352871598714","7.42484738326097","5.29391283414003","5.47345419253853","4.69372252557893","6.00672194558203","5.09153242155011","4.44978139761541","5.81272240983328","4.84308697634881","4.41318742129586","-5.45684658426701","3.31534954399166","9.03173723044451","3.5370638041057","5.10545921024041","5.17127082911057",
"North America","NAC","GDP growth (annual %)","NY.GDP.MKTP.KD.ZG","","2.36540613549339","6.1989537994275","4.46664975529387","5.86788687820507","6.39285249288474","6.52360851100376","2.54896287787557","4.81471103873577","3.25318111306314","0.433701200211175","3.35169838840785","5.27513884916802","5.73203601246908","-0.217837917829897","-0.0537260408264473","5.43353977920408","4.52980589009049","5.37730195592462","3.21302841446409","-0.0441060590222691","2.61432858428876","-1.92518248333295","4.40643835674001","7.11836272375524","4.21437700641678","3.35031998169468","3.50658618593592","4.19665265128064","3.55774846492972","1.74443637202802","-0.273108339788436","3.3082046616431","2.74448832187251","4.06413293147384","2.68501183631152","3.60731796899016","4.43422462717041","4.43709122377913","4.81501743546096","4.16197049524996","1.03022260077989","1.8012475018389","2.71703858412589","3.78737539156108","3.46128321445556","2.7743146220173","2.00808305353198","0.181624445600505","-2.60460767381707","2.72395919935452","1.68621143369091","2.24337856187134","2.13349689819631","2.54944716424754","2.76110438770922","1.7574135378599","2.50284500298896","2.94789312072024","2.53036581365198","-2.31236247885967","6.13640923701173","2.68881207167273","2.85945132916503","2.73606791647842","2.12972384862783",
"Namibia","NAM","GDP growth (annual %)","NY.GDP.MKTP.KD.ZG","","","","","","","","","","","","","","","","","","","","","","0.97144950015074","-0.39809074411238","-1.82345037490559","-0.236891525045252","0.464171261803401","4.76726966632827","3.55376914117605","0.813148942821115","1.85867496230729","2.04745993989432","8.16561250262779","7.18934252280525","-1.57953915916903","1.72987948847074","3.8990142211043","3.19132430111469","4.22010030384476","3.29158562064818","3.36927842445498","3.49218336365178","1.17794869467917","4.7886612188211","4.23979429582137","12.2695481036769","2.52926265819022","7.07317531845825","5.37404415167634","2.64981203780268","0.295970914001089","6.03924947955858","5.09133813864338","5.0616820696264","5.61471962254485","6.09251915977956","4.26417453763675","0.0337944502063294","-1.02724808856709","1.05993949860752","-0.839152163419357","-8.10140201443319","3.60382919248703","5.3987247803654","4.32498048866805","3.77851723267591","1.73018153842335",
"New Caledonia","NCL","GDP growth (annual %)","NY.GDP.MKTP.KD.ZG","","","","","","","-3.84857770117728","5.40079144250699","14.2625546890163","15.7163133858644","30.9992897319458","6.99921567606989","3.39849954627249","-11.1993086277225","12.7011152022729","6.49947180461912","2.29999821375679","1.89982428174216","9.80000719587157","-13.6000050700344","-0.399994552333155","-6.99999937012467","2.39999248842354","-1.99999756958765","1.79999923898761","4.50000049684343","-1.00000349565384","5.70000274552396","34.6000006526707","10.999999473252","3.6000012717432","4.90002814384245","0.519994838392222","0.529794654537113","2.59018690563668","5.9400311023842","0.449879083505621","2.00715233042861","-3.20027552726621","0.900172519173495","2.10010882688805","","","","","","","","","","","","","","","","","","0.400000000000006","-1.39999999506659","-2.40000000692145","-2.0999999972552","3.50000000289097","2.79999999603682","-13.4999999989747","",
"Niger","NER","GDP growth (annual %)","NY.GDP.MKTP.KD.ZG","","4.54639303660171","10.2787134988997","9.42822932000833","0.131039891085265","6.91976181761041","-0.382497199220253","0.122868671816278","0.383494663073563","-5.48594581331632","3.05577892202147","5.67932064048375","-5.16627230276923","-17.047583571921","8.77523804936311","-2.79319343599114","0.678203402307915","7.76458111935993","13.4726123301411","7.14699607024475","-2.45503612857507","-0.177666071226056","2.17446021973329","-3.86362790714153","-16.8198351136637","7.71812745021188","6.35213730291468","0.0882813597233394","6.87115013671369","0.957045972548471","-1.30847828481959","-0.43948910045782","2.00075236142851","0.321655474432788","1.85477879101168","2.4572441223155","0.100530504281409","1.52747571050666","9.97261495642444","-0.2195625179166","-1.20847774100575","7.26813490213235","4.91847057594622","2.1706103837418","0.363801578722132","7.33186884258517","5.93104997350342","3.14272408386731","7.73141422777337","1.96260090694645","8.57816674262253","2.35775693603874","10.5489445763446","5.31513063394726","6.64213665495603","4.39264883207291","4.28137558478143","5.53198531271451","6.89458420864513","6.07881528959186","4.45481803846413","1.11520063869706","12.2215497467041","2.63516980401258","8.32327058280728","7.00782960149",
"Nigeria","NGA","GDP growth (annual %)","NY.GDP.MKTP.KD.ZG","","0.191795489572229","4.10299258868014","8.57861891529701","4.95048866604155","4.88497683412908","-4.25051418415514","-15.7436282082049","-1.24836024581224","24.1973839456808","25.0072419293896","14.2375315562508","3.3642620350363","5.39276048395909","11.1606745454862","-5.22774755532079","9.04235172630207","6.02411784954168","-5.76415839390282","6.75943093519177","4.20483104427292","-13.1278804850514","-6.80338881534801","-10.9240850339388","-1.11562321716821","5.91302745911393","0.0609452742066878","3.20012546702944","7.33402548758716","1.91938129589555","11.7768859342067","0.358352601622002","4.63119294610988","-2.03511877399539","-1.81492448517923","-0.0726647640626794","4.19592404666709","2.93709941923106","2.58125410190809","0.584126892882125","5.01593475936546","5.91768464924425","15.3291557409618","7.34719496793299","9.25055822923169","6.43851652535925","6.05942803202491","6.59113036066867","6.76447277784263","8.03692510100366","8.00565591623166","5.30792420293915","4.23006117492493","6.67133539308232","6.30971865521856","2.65269329541779","-1.61686894903467","0.805886619091581","1.92275734199798","2.20842927835211","-6.36889840468527","1.109252540249","4.31882949157136","3.31590368111438","4.07106650147703","4.01336180700973",
"Nicaragua","NIC","GDP growth (annual %)","NY.GDP.MKTP.KD.ZG","","7.49774339849093","10.8907983290977","10.8654792457821","11.6984790301544","9.52515582624807","3.30113639858887","6.96951382476809","1.34296005265668","6.23770390833241","1.35382659012741","3.30475650020483","2.22072289181064","6.41701397366108","14.1924250953043","-0.153246894342743","5.20945449847707","8.36848053029937","-7.83880037064259","-26.478788867521","4.6117322795338","5.36329018938126","-0.816361918743468","4.61321162700499","-1.56609391319724","-4.08185148731935","-1.01730916120101","-0.706352941499915","-12.4498220367125","-1.73821633052118","-0.0524997212688305","-0.189281493926757","0.386346578416166","-0.392936046663081","3.33772611282539","5.91190793658714","6.3442683605154","3.96665092760821","3.71168146396694","7.03597046350201","4.10159025073438","2.96084349057273","0.753938876079573","2.52073289551447","5.31217056950739","4.28239833770654","4.15294559846254","5.0763520180987","3.43571693608081","-3.2926651586197","4.41009911716546","6.31668553491842","6.4961364710876","4.92709413447304","4.78546013589983","4.79226768332697","4.56314739524967","4.63120757580209","-3.3633566598573","-2.89686986728901","-2.23654176262323","10.4543887816515","3.55027477135765","4.42779393186883","3.58094495324541","4.92352556770889",
"Netherlands","NLD","GDP growth (annual %)","NY.GDP.MKTP.KD.ZG","","0.295546504846172","6.84350722750473","3.62462159639203","8.27490413848105","8.64309474781801","2.74110435359816","5.28001495109744","6.41613410796171","6.4294490946164","6.14018151825016","4.31698034729853","3.53387449555808","5.44422319799096","3.4387177026689","0.00202875594803231","4.45630944629636","2.52044058142084","2.6962468211259","2.01416625857843","1.34191409240884","-0.78361166175803","-1.24075669199284","2.06995815677583","3.06167877138195","2.58018000128781","2.78697583712109","1.9312485744144","3.44121890433911","4.42011793059889","4.18322289611109","2.4391343395225","1.70607100505794","1.25755214528137","2.96109252246121","3.11603593857495","3.42063535269868","4.24847396941847","4.64770326997895","5.04334216651563","4.21970034558892","2.32358454925847","0.24582951723049","0.0978549395212411","2.01628331561487","2.03401576512488","3.53729585853395","3.88542348324803","2.11674514240192","-3.66528147002826","1.31935287897116","1.77330320575034","-0.977826121310997","-0.0302410184270769","1.61255885112396","2.12064007193544","2.42428065449427","2.78150834679987","2.25873158164956","2.3001616053659","-3.86799714191608","6.27683593745216","5.00723453395074","-0.598061017580278","1.07383137319854","1.78463214703797",
"Norway","NOR","GDP growth (annual %)","NY.GDP.MKTP.KD.ZG","","6.2733355410215","2.81394521638465","3.78504305750515","5.00965105972533","5.28560880430634","3.78651321598602","6.25607895878227","2.25987551481224","4.50461146666011","1.94330054570493","5.7147684412603","5.28421650140392","4.49029469472772","3.96443769084686","4.94798609099843","5.84956345415462","4.15190588338356","3.85568468692183","4.35122903414562","4.5267984596924","1.67423049803278","0.242440465084144","3.94088668258857","6.07555820534726","5.56110673396684","4.04765910229874","1.74427870145095","-0.330025653077698","1.02954207990309","1.95899042256056","2.85865596855008","3.56422602983729","2.87306009185421","5.03933284247313","4.15289526465317","4.96949434701779","5.09208924000464","2.72590814782492","2.18261230296261","3.443416131481","2.1634350595868","1.45747886087304","1.09635781210122","4.33015597691212","2.96973597025936","2.84726376691944","3.42030119916608","0.822805797014865","-1.61327151945869","1.00493269017117","1.38505117083945","2.82395673492459","1.27290177696287","2.09521388080101","2.04428845501438","1.29158732771135","2.66964474273466","1.1103912365576","1.46970781954143","-1.36055723261586","4.14314688769197","4.08039770659241","0.352695581319765","1.42372134524737","1.08528185031417",
"Nepal","NPL","GDP growth (annual %)","NY.GDP.MKTP.KD.ZG","","1.90826597185792","1.91032003077318","1.89511164479693","7.53244855243838","-1.2031890181289","7.04064314491161","-1.57149749972123","0.675483463270709","4.46342160331348","2.57599212685933","-1.19538330251048","3.1178003639786","-0.476536267743427","6.33359037226893","1.45647070933495","4.3985361786365","3.01697344206637","4.40574138937914","2.36887779523897","-2.31939420500922","8.34197413529236","3.7793746536255","-2.97740585726358","9.68113001572144","6.14490523732366","4.56565054565317","1.69561826572762","7.6968087109188","4.32964793285106","4.63503634698831","6.3681503973968","4.10640661731669","3.84985002629573","8.21600269296587","3.46845189309603","5.32828417508708","5.04861254517328","3.01638947539399","4.41257328041399","6.19999998192236","4.79989214255407","0.120143177369414","3.94503776051116","4.68260325152944","3.47918104829496","3.36461478056277","3.41156027980276","6.10463914373472","4.5330787246486","4.81641464694573","3.42180870116162","4.67014192446953","3.52515317129149","6.01148284250441","3.97605327162971","0.433113719381524","8.97727935643466","7.62237610397933","6.65705543110468","-2.3696206292072","4.838149614115","5.6313145568451","1.98254843461849","3.67787459697703","4.43073194983359",
"Naoero","NRU","GDP growth (annual %)","NY.GDP.MKTP.KD.ZG","","","","","","","","","","","","2.89838710299522","2.89838752650489","2.8983877460778","2.89838720614799","2.89838757333574","-2.81674731906762","-2.81674697227405","-2.81674748221531","-2.81674727483782","-2.81674687485054","-2.81674732710925","-2.81674700963013","-2.81674720713838","-2.81674740931578","-2.81674685264868","-2.81674733898076","-2.81674751020157","-2.8167467775236","-2.81674756297977","-2.81674699951282","-18.9938039627089","-16.2602646077898","-16.1173644889416","-3.86611853923542","-7.92344939744908","-11.8595716961284","-8.95358291302432","-11.7879956363066","-6.5681998499911","-6.85616110197874","-6.76113945239328","-9.97133415083098","0.284579021867188","-4.31476539773472","0","8.45070422535204","-22.077922077922","19.9999999999999","-5.55555555555564","0","14.7058823529412","24.3589743589745","4.12371134020613","15.8415841584163","3.41880341880281","4.13223140495909","-6.34920634920609","-0.847457627118729","8.5470085470084","1.57480314960559","7.75193798449692","0","-0.719424460431725","1.44927536231899","2.14285714285656",
"New Zealand","NZL","GDP growth (annual %)","NY.GDP.MKTP.KD.ZG","","3.31564972674543","3.08087351858559","6.10211748394454","6.10328473743307","6.1117321350133","6.24846245288686","-4.58942364359896","-0.0488485727357499","10.1946714880749","-1.39760788020411","3.78545741843028","5.1191086821659","7.80027793991758","5.99344071907922","-1.73168325405558","0.928812762144631","-3.93633767566311","0.318563365865202","2.19177502002559","1.28425192493805","4.65565287633527","0.929685035623876","3.49152457902733","4.79269907520923","1.61533480446978","2.71326964068473","0.962508198457385","-0.334621133273799","0.164699005861976","0.136887537634095","-1.07586748814022","1.10092234546755","6.3836309435096","5.11167356780264","4.73676080285628","3.59083953715972","2.07551582422867","0.855188594957326","5.38315295474565","2.86879087314065","3.41557461751114","4.71514593471419","4.72587484712128","4.09053577279863","3.35295444152619","2.7744428588158","3.06312221869514","-1.02561134479848","-0.040259885205117","1.47182504276788","2.1445004445998","2.30256429520961","2.5648360739867","3.81933619307242","3.72968312125018","3.7435247472109","3.31568621648204","3.32219666491432","2.32371708441623","-0.240916114758988","4.29916005216614","3.34521847792682","1.81389453412019","-0.868722371893952","0.462871830681081",
"OECD members","OED","GDP growth (annual %)","NY.GDP.MKTP.KD.ZG","","4.35280042336485","5.53916294784398","5.09705902024666","6.49118191300806","5.50330639821289","5.54747519242038","3.82867785003866","5.96453446994244","5.51755802848368","2.76066790000955","3.58298177065936","5.31935999643535","6.11995021774472","1.17875459617449","0.399512298096667","4.76943576408391","3.66850431945822","4.36536397450867","3.88310180041947","1.19891577983286","2.09313367045883","0.216570009532546","2.84673500488675","4.79145856576002","3.65293094544003","3.10061027364745","3.53330515980375","4.49631889186477","3.73412846988074","2.90994092688275","1.14202044785885","2.12871612721892","1.43165150636501","3.33712206709245","2.77524946754495","3.11341013537876","3.68063620350809","2.93646098381292","3.44131500771996","4.14194781215413","1.39419283266746","1.54573413284015","2.02555450027376","3.25450343681813","2.8546887844396","3.06119134402469","2.64883701327084","0.398567531316999","-3.39762752928189","2.97338503994675","1.84967918104462","1.40460967593552","1.62369645988187","2.23873423415506","2.53080900311944","1.85463774155879","2.61204188490709","2.38931017293615","1.85301586905177","-3.86432916323412","6.09471533648059","3.15854809219758","1.78937161232169","1.78218444615328","1.77005853071937",
"Oman","OMN","GDP growth (annual %)","NY.GDP.MKTP.KD.ZG","","1.13960640396104","20.1877918765272","4.5312435589145","0.0747394471302556","0.448098405676362","5.20446366819129","66.2190836702255","81.8877967363546","25.6661688006167","13.8950964378378","0.898225100183055","9.82522415284279","-14.2520578360136","11.4988064646665","24.4335027245109","20.5401229155617","1.00721834180912","-3.69353109012729","4.33174153321039","6.0354441115762","17.0470783890376","11.5698374015513","16.6666707336558","16.7115939832524","14.0071971120206","2.00215978258038","-3.4407841670407","5.96402764822645","11.7568618360793","-0.130425738129333","6.07407790816865","8.41388425937097","6.04296067461487","3.87577416657888","4.99681952030654","3.04593990978547","6.03351250709945","-0.0678740925781511","0.29759569579106","6.19241063695442","4.61316649389876","-0.784165786429256","-2.19466567976842","1.99251510973346","2.77944360306151","4.66981481939328","4.98065467051528","8.95005895005896","5.98196694904402","2.47199856582773","2.89460973541192","8.86312225557018","5.22770408145942","1.29225229411081","5.01705799719045","5.04642394571691","0.304057565922449","1.28710391543288","-1.12863801728058","-3.37972052697999","2.5821749892893","7.98570728354278","1.41401383200161","1.63163231397978","2.39787382295398",
"Other small states","OSS","GDP growth (annual %)","NY.GDP.MKTP.KD.ZG","","","","","","","","","","","","","","","","","16.2645019683961","10.0881662341746","7.0038855819831","14.7927011775125","-2.71966716656281","-7.54028989545883","3.02221426379678","0.963490464737689","2.69199273059711","2.00108466195329","2.0385043241355","6.10063673798456","3.1045686216471","2.89071206049141","5.23555843675061","-0.521396000336765","-3.1270696278601","0.370765845457626","2.84714797597729","4.34296099844893","3.25665909053406","6.23711228962844","3.41656643440361","2.59592311164876","7.30635005321069","3.18924252117392","3.49441162965915","4.26878748461303","4.45597380662556","4.60497481511443","6.20067811341328","5.46356131088703","0.903736392071593","-5.12838675722196","2.4770957293312","3.29699198601598","1.20137767968762","0.795058059250948","2.10170241796435","3.35379601684932","4.11324521484462","5.06269393757441","4.36915856791936","4.24191171511896","-5.76450168062843","7.99114438236406","4.39868942923867","3.20030722043091","2.76881258067121","2.88340086402312",
"Pakistan","PAK","GDP growth (annual %)","NY.GDP.MKTP.KD.ZG","","5.98734641929141","4.48285862750326","8.68883151825786","7.56975744902432","10.4193658220408","5.78995180142022","5.4006125972184","7.23322092498739","5.5078996342957","11.3534617181927","0.468372548493363","0.813406404584697","7.06426385694971","3.54019171278873","4.21141563146435","5.15618958986124","3.94769828741323","8.04853361937855","3.75843556852186","10.2157040372755","7.92076357199696","6.53748679998847","6.77837833870171","5.06520560476402","7.59211469875896","5.50165366386253","6.45234302466982","7.62527877959378","4.95976889440439","4.45858681510218","5.06156775897861","7.70589781716029","1.7577476978468","3.73741555767747","4.96260914623281","4.84658128681654","1.01439601077892","2.55023429817393","3.66013273943236","4.2600880111325","3.65135017083765","2.59481668445784","5.40131087314342","7.83125556961251","7.2765744364722","6.05163767569996","4.4448143398844","2.1204410433083","3.47255059567348","1.50171752152883","2.68011685421705","3.02758391088629","4.36686504978387","4.11642817161422","4.21794209572506","6.57383828511043","4.43262590683975","6.15170261099519","2.49763692943365","-1.27408744338709","6.51388575852702","4.7781068690358","-0.414935997088406","3.08176295579301","3.69842668749033",
"Panama","PAN","GDP growth (annual %)","NY.GDP.MKTP.KD.ZG","","10.926594841623","8.24473681997463","8.53878879939805","4.43213036829097","9.16003626205379","7.58140188284906","8.55293117898977","6.97738862373494","8.44138916877408","6.95922610779934","9.61613757840476","4.58281250525241","5.36431021720534","2.44831956246551","1.74091944012658","1.66446135972971","1.0940258905988","9.79264391816659","4.51475107985127","13.0844817290489","9.20680945357908","5.34845643837734","-4.49136434642946","2.70947377305887","4.94223365153981","3.56778822819052","-1.80905548139501","-13.3798437826627","1.56224700549564","8.09899300573224","9.41900604873607","8.20167952936097","5.45574476975436","2.85014717061981","1.75167890389389","4.0797027065703","7.70904000189154","8.38747212468969","5.21164584606353","4.20900547865375","0.949908149985234","2.50884372716125","5.09686030493801","8.17565333965649","8.27618334503531","9.85723870564752","13.1530653782933","10.1974325907958","1.61186405976055","6.07339353106087","11.9088772249531","9.62729346439019","6.32435388662846","4.62581375565551","5.26691719595516","4.57196707937275","5.7440594635578","3.91824253321265","3.10295395631086","-17.8211174074602","16.4669992022652","11.0386022908773","7.16634016390665","2.74784148771307","4.35030460627731",
"Peru","PER","GDP growth (annual %)","NY.GDP.MKTP.KD.ZG","","7.34709633145569","10.0352933342212","4.32824981844591","6.54786765047102","5.62173344947736","8.2389204457594","3.85256440782895","0.152237710931757","3.51445891251396","3.36594600332614","4.59053992759885","3.47753512310473","6.27693475562022","9.38683491938303","4.30086316548426","1.44711099517411","0.349063699303812","-2.64250297882154","4.09075057410003","5.94333539830841","5.55204181484046","-0.2227234441863","-10.408085798297","3.60828653816966","2.06113206625895","9.42596236073652","9.72614643050372","-9.44127344629392","-12.3120414471296","-4.98256353646605","2.2192591027909","-0.540509124723926","5.24357700773291","12.3083661848445","7.41139504735119","2.79897307912609","6.47682442079709","-0.391537555833821","1.49491064308833","2.69437139806912","0.617892325624297","5.45352893818767","4.16502313666112","4.95820320611745","6.28506032509601","7.5288990440594","8.5183877690955","9.1265683014642","1.0958236592427","8.33245910749577","6.32719240161117","6.13972470560435","5.85251821084928","2.38215737180541","3.25224477218451","3.95331871520767","2.51883544233135","3.969351341365","2.24063176875049","-10.9333065010382","13.4166456126513","2.81819976419922","-0.350699814345759","3.5152749274832","3.43056395124466",
"Philippines","PHL","GDP growth (annual %)","NY.GDP.MKTP.KD.ZG","","5.69547095029755","4.84629418915898","7.01626518416583","3.40249443571273","5.34508932932236","4.4411585340256","5.22268758922664","5.03815939692956","4.68947344100819","3.69248748654796","5.38900841621259","5.43038749392343","8.78200912237088","3.39460637850206","5.45110286965478","8.77840333051334","5.56297025151267","5.19238453027808","5.59557107591131","5.20071107911187","3.42220873753665","3.69840609851109","1.89695178959097","-7.0393782012259","-6.85837720864683","3.51068403005506","4.36180967277697","6.69693110468185","6.18391820283388","3.08267252855887","-0.436390080533428","0.417629066097945","2.181889985613","4.37366591819077","4.62522511739661","5.8603478716379","5.18641167406165","-0.514090599541888","3.34645118398267","4.38250500083399","3.04923134463486","3.71625500158383","5.08691113513073","6.56922851180626","4.94250511877678","5.31641682136939","6.51929155018938","4.34448730509183","1.44832306275669","7.33449996034538","3.85823282795663","6.89695171050985","6.75053130142255","6.34798748260867","6.34830971672761","7.14945675000752","6.9309883258402","6.34148557153473","6.11852566221303","-9.51829474045297","5.71473313185116","7.58098212785563","5.51894967856043","5.71474526128652","4.40240158710621",
"Palau","PLW","GDP growth (annual %)","NY.GDP.MKTP.KD.ZG","","","","","","","","","","","","0.126339611580534","0.341301339262074","0.202024553629215","0.105534658034671","0.0252666400615453","-0.0415240695012642","1.43010429283935","-0.488594888107158","-0.374146925110068","-0.374144776818071","-0.374146950589051","-0.374149391627228","1.93200857888343","4.62199697543382","5.43650625811105","5.43650649081053","5.43650574891889","5.4365063720043","5.43650637635436","5.43650669451759","4.90523480875686","-6.40003724259944","-12.3000412627885","7.3000416413082","10.8999901144086","10.3999989409142","2.30000147894631","1.99998280794706","-5.39998345149702","-2.60392518285772","7.34588822740689","4.71497567037891","-2.12775905744436","3.47251267849076","2.88482026504025","0.228102952380539","0.687060932625798","-5.55349767521281","-6.19509416666021","-3.02648271979963","4.5453422056307","2.06132919740671","-1.39368330622723","4.21392368136632","8.57000568228419","1.66650688235592","-3.42143170174889","-0.417625859260369","0.300684343692609","-6.00740723664144","-11.9146400192064","-0.462879543823192","1.22284844405733","12.0059720184866","6.28637654202731",
"Papua New Guinea","PNG","GDP growth (annual %)","NY.GDP.MKTP.KD.ZG","","6.18111172492752","6.37409931200521","4.07252177318168","8.57028153120143","10.2685198038056","5.8137579823151","4.07046147460628","4.35959025088704","8.27345794779133","10.8428057776823","6.29519256737012","5.6435533711489","6.52926483244623","2.61053259341438","-0.87988416462035","-3.38844861433063","0.834815601092103","8.549859334011","1.83239551493573","-2.30345120118429","-0.274829571650017","0.352944288679396","3.22316306354293","-0.354726452176862","4.00019034409902","4.69305706882692","2.7704948317036","2.90924048446031","-1.41957988360637","-3.01216922181256","9.54689771039914","13.8490852689481","18.2022859527298","5.94210905967769","-3.31244877829666","7.73369579796399","-3.90438965639359","-3.76911321783457","1.85555399408817","-2.49484199260023","-0.121288605564772","-0.158900533082658","2.16410250222083","2.72117574098235","6.34479592309654","5.40994409107307","7.81518922862388","-0.296457845880582","6.80042148322096","10.1284540720232","1.10754362619616","4.65711959686239","3.82494632800675","13.5437706216546","6.57835632304275","5.48957315278187","3.53461081750459","-0.279252284959952","4.48051456942582","-3.16743204434815","-0.510612607034361","5.70701964996525","3.81046308333708","3.88795324667848","5.63792052319458",
"Poland","POL","GDP growth (annual %)","NY.GDP.MKTP.KD.ZG","","","","","","","","","","","","","","","","","","","","","","","","","","","","","","","","-7.01557879301123","2.51497861350261","3.73831029461471","5.292802066626","7.92965956313934","6.09387747385628","6.35890635030509","4.62161133761769","4.69918479192557","4.65633252988236","1.23374464400356","1.90119437968586","3.52337117234833","5.09079546409544","3.26082274679216","6.20210710934373","6.7604478527626","4.38377069274605","2.61512859291683","3.16892748258036","5.25546256612796","1.51178167644575","0.684240607051805","3.92050862390032","4.43176700264478","3.03117767594847","5.15245773325907","6.2458584723942","4.58045817256199","-2.03556882399977","6.92718266052501","5.25545697386036","0.249610834017872","3.02841630700273","3.5727250346774",
"Pre-demographic dividend","PRE","GDP growth (annual %)","NY.GDP.MKTP.KD.ZG","","-0.318566413685062","6.18417715337382","5.76378575876382","4.62474549544132","4.40689609940277","1.17794282894741","-5.74865451359405","3.61848188533254","11.2925482216849","8.56673854518939","9.32284333750881","3.40906351681585","4.05434431085092","8.32616735229234","-0.334565456280217","6.91603773002657","4.67701184763524","-0.177119959609399","5.67638641370125","4.18034725115972","-3.96360475831223","-1.23307701448751","-4.69452640908379","0.641736882772562","3.60931187428119","2.52265210376635","3.86883028832497","3.85434246141276","1.35695075644674","8.08441946670439","-8.09997621394349","2.17623307072714","-0.659955700269535","0.0684006131423303","3.12779313380382","5.64583282515206","6.26126404246079","6.93054568227258","4.20952887369339","5.47346007643203","4.35453238448396","6.00617138403928","-0.568919674134492","12.0080953608262","5.96991931741751","6.21676933701521","6.06805742634351","6.38744131574033","4.84336953611044","6.67265580684425","4.1553757689192","4.32626989714218","6.11185150793546","5.17291765109749","3.04225473776046","2.48790883634129","1.65401035196942","2.65801624793845","3.16086400453494","-4.15455315541389","2.29076410791771","4.63522422118558","2.44455093685518","3.328621675752","3.57431469085844",
"Puerto Rico (US)","PRI","GDP growth (annual %)","NY.GDP.MKTP.KD.ZG","","7.04173847056543","8.32331253214566","8.65104700867182","7.06092372128818","9.204842464826","7.49914839628794","6.2232233534659","5.18043459789826","9.37523403803715","8.39791794437848","6.36544857550854","7.17357497675278","6.34489584805942","2.91737849093647","-0.654567385249976","6.24308781212062","5.95068223635388","6.93194622500064","7.90682468770329","4.24346530474689","1.14794722620853","-1.55664320893013","-2.34197463251273","5.92868652808995","3.09744264466305","4.9773674499896","5.76899890364437","5.88837273658802","4.33495239845647","-2.84054072711358","2.30439118770069","4.56405181441349","4.64452705678092","4.18595858478139","4.54898802663489","2.31370752929453","4.88008720859467","5.53072563643605","5.38969990123002","3.27196451910478","6.31347157694064","0.916459423425337","0.0534198017173964","8.7486769008168","-1.98693871772703","-1.40941405684823","-1.16280665573993","-1.84413421831884","-1.95242518381124","-0.413254119172365","-0.358510636850312","0.0292751500944064","-0.306826666941774","-1.19036347346942","-1.04929003238674","-1.26369434781117","-2.88521838398481","-4.36142703162535","1.67546379498209","-4.1808743093346","0.385222719529239","2.95709565499587","0.731492105366186","3.17707554784896","0.317670046196895",
"Korea, Dem. People's Rep.","PRK","GDP growth (annual %)","NY.GDP.MKTP.KD.ZG","","","","","","","","","","","","","","","","","","","","","","","","","","","","","","","","","","","","","","","","","","","","","","","","","","","","","","","","","","","","","","","","","","",
"Portugal","PRT","GDP growth (annual %)","NY.GDP.MKTP.KD.ZG","","5.53490446482866","6.61444657322659","5.87370138713079","6.31074750083511","7.46898966740095","4.07790851389984","7.54448267869383","8.87550967399879","2.12074172405788","9.11384270152895","6.63165162093394","8.01569616394021","11.2006718999033","1.14285965477239","-4.34763043220784","6.90023019372026","5.60259779264088","2.81596606697316","5.63893733004393","4.58934022380851","1.61810337594387","2.1353747657862","-0.173112539564684","-1.87997986277209","2.80743961484895","4.14095608461172","6.38139391332237","7.4891073628233","6.44063956353789","3.95052317228428","4.36820616663232","1.08947689832507","-2.04327729359404","0.964838285067799","4.28278017236022","3.50424653058748","4.40086766458026","4.80796318953165","3.90657779623113","3.81617714108242","1.94367213427915","0.770924781247714","-0.930521045062918","1.78873552917291","0.781847569123585","1.62503532956156","2.50657937751231","0.319247344434558","-3.12207827545093","1.73762453640036","-1.71352745905065","-4.05090267621935","-0.984106574148328","0.741391420706506","1.58979803702681","2.00414129666575","3.31472008175986","2.94628343449202","2.74568432648596","-8.20463159324387","5.55875672070374","6.98584137580278","3.09998745904281","2.21459232301109","1.86448007464475",
"Paraguay","PRY","GDP growth (annual %)","NY.GDP.MKTP.KD.ZG","","6.90028551422945","3.30025851602093","4.71029133985073","4.21247735945683","6.16797475642743","1.99150333527275","9.15036720414034","4.52707384188076","4.70115140770775","5.55342573311894","5.538151942856","6.63129747573396","7.30281290740682","8.38152543650033","6.85244471412953","7.52594953142729","11.4940816019955","12.0287299461216","11.862146971295","11.712145943448","9.17045884942912","-1.39761771803515","-3.0426178847186","2.81659944601458","4.5231356783092","4.96483566571362","7.58230437604178","5.91537206556045","6.93520391103523","4.12328287941739","3.49365015491472","1.69642801124701","4.93635941475281","5.31791766023942","6.82281030358578","1.57378513175006","4.24251610269859","0.0680377558080636","-1.36607971240079","-2.31414056819045","-0.834054716746095","-0.0214043949985694","4.32074548551591","4.05741836363771","2.13349066459601","4.80711719268376","5.42162287218235","6.4962921197091","-0.261137328080281","11.0952312685521","4.28637120702282","-0.708043112316886","8.29307648940471","5.30123864473624","2.95715168367079","4.26802583314583","4.81007885554041","3.20425034076639","-0.40185510068001","-0.819785390971916","3.99461510731535","-0.0280771723899278","5.28584584975323","4.66914577981763","6.64262511156879",
"West Bank and Gaza","PSE","GDP growth (annual %)","NY.GDP.MKTP.KD.ZG","","","","","","","","","","","","","","","","","","","","","","","","","","","","","","","","","","","","7.11785989679103","1.21453753437805","14.6676392814808","14.3341073189351","8.28059145094657","-8.5555726838292","-9.31108114182962","-12.4883821798129","14.0156476793996","21.9244861205987","11.2906511829271","-0.996556103477076","3.78828152085981","7.42918225547835","8.59349087893864","5.77736205629419","9.60080848913594","6.09645656326154","4.69856986552234","-0.157866650855297","3.72129967114788","8.86461881995935","1.41936756294787","1.22707737782703","1.36268746558062","-11.3184661065134","7.01198227592003","4.08276027347105","-0.97217780620403","-22.8573273913324","4.34444072337577",
"Pacific island small states","PSS","GDP growth (annual %)","NY.GDP.MKTP.KD.ZG","","","","","","","","","","","","6.32806586206792","5.43068759695294","10.9590752577258","3.07566245372131","0.417047833326237","1.00579893116543","3.31279924030797","2.10405443251045","8.53586380296107","-3.4509817532665","3.0077451133359","-3.19078782067105","-1.11789219880384","5.3382682252205","-1.68531671982379","5.22928759504542","-2.03127355813419","1.11810994999213","4.49601225050407","3.72117537049812","-0.499544846260534","4.76994267534403","1.85707626107261","4.80793993713611","4.36230382981853","2.96264298399427","-1.22848909475444","1.41844929495818","4.2025708419623","-1.46386418136707","0.851056119322408","1.92426910278931","1.91734839547497","3.9717982000513","2.47160106548574","2.39839602432967","0.133715934680481","1.98958878437561","-0.499626121005079","3.61551469762773","3.84498686299419","1.04275828193174","3.24964380089334","3.57900775268514","3.97583679136102","3.74906305678715","3.88507048124241","2.72310809047187","1.1632387186459","-10.2465615365926","-2.62004384629151","8.33511772575022","7.23510889764707","3.66740238652645","3.31927523064815",
"Post-demographic dividend","PST","GDP growth (annual %)","NY.GDP.MKTP.KD.ZG","","4.35029600967607","5.56996626436413","5.01897070593122","6.41394940500506","5.53266650137859","5.49746372238009","3.78268391943269","5.867539762707","5.5710691896264","2.67798795980379","3.53417972312904","5.23912176839497","6.15345295470833","0.998629155650193","0.235343283513956","4.7839150033749","3.68598846020929","4.26347166145302","3.7811261638461","1.02238905726513","1.900020272178","0.259416895854784","3.12309236959783","4.86550403932738","3.67215869407266","3.26562188955594","3.5231841471514","4.6345240284916","3.75591912859056","2.67596023506147","1.02530751228034","1.94121572623177","1.19224425343225","3.26235939315312","2.80115085257991","2.93350354027118","3.48067502216732","2.7442411997127","3.54182074768295","4.08593231425579","1.50646517887505","1.53655294052868","2.00971709302573","3.19457986158488","2.80227642192794","2.95414307023958","2.59763145430432","0.367939451129118","-3.3891508211187","2.90884187925629","1.6356329351827","1.27044703966143","1.52350189398453","2.08004088630904","2.25737860257307","1.80639608099386","2.47944817538426","2.28758807836371","1.82164159324701","-4.03866257492757","5.82057405938134","2.86042677787768","1.79595440239152","1.77944527022298","1.6533096131564",
"French Polynesia","PYF","GDP growth (annual %)","NY.GDP.MKTP.KD.ZG","","","","","","","9.57657823549394","-4.73916661693772","14.9308021425117","-2.6859410147583","1.62671133857395","12.0024086478023","-4.69507873236614","7.80256111911721","18.0010489103309","-4.9027023963948","8.20361632558698","2.07899270297354","9.89255930015017","3.92592417751565","0.484901260469812","2.64602287726119","1.69858955690449","2.41965535795332","2.36029244995161","-1.17078821581741","13.547794530533","1.26983032278699","-3.59863214234593","2.15788092546244","0.129883207294256","3.65552681908341","-1.45738829064787","-1.29768260234859","-1.66632516413321","-0.388969416903137","-0.668536562658289","-0.122814651501315","1.73337439996173","1.89053278745592","3.24541101308193","-0.341595578089056","0.846181482808589","2.1269288487261","0.971259129987544","0.309973476180005","0.889584117597607","1.70497563803002","0.00676755066312751","-4.23139183069446","-2.4660641898174","-2.96195745427229","-0.927537712532072","0.398801414346934","0.593554452942286","1.80334081452726","2.30219823670438","4.29263363103487","1.80687498305207","2.68946658143334","-10.5738138632489","3.36590242421546","2.9373470716322","2.77284077155413","1.12638897730247","",
"Qatar","QAT","GDP growth (annual %)","NY.GDP.MKTP.KD.ZG","","","","","","","","","","","","10.0078516626193","11.0793894825657","10.784895214101","5.9382528780129","5.87913245017711","8.34891213463509","-7.30543318661847","8.86336633607512","5.22773574019952","-1.01642177991283","0.900972101477819","-6.87449413853426","-1.82516541437688","4.65773767027437","-2.12017026850029","5.33578656853717","0.0449913987032176","5.90444950002646","6.2222111205475","3.41446208112872","-1.66223257584981","11.3305277401187","-1.32513607105912","1.41870838953481","2.3992362961452","4.3739105695453","30.0120397093796","11.2186524616371","4.28406436325426","8.02812548837973","3.89814748805541","7.18252331136711","3.7199194981967","19.2185032411244","7.49272803754515","26.17039955781","17.9852165615129","17.6630346842674","11.9575512911227","16.7315558489187","13.0214050496923","4.62623675511804","4.43070196521455","4.11911527912761","4.75334572438737","3.06419188430156","-1.49760470227838","1.23487220191065","0.688240954592672","-3.5576039896784","1.62684671918775","4.18500970982862","1.18715991623776","3.10963283242745","2.90166036660493",
"Romania","ROU","GDP growth (annual %)","NY.GDP.MKTP.KD.ZG","","","","","","","","","","","","","","","","","","","","","","","","","","","","","","","","-12.9182107298211","-8.7672284522824","1.52883449664077","3.93194272962506","6.23351148371351","3.90770208816159","-4.8490627379703","-2.02981290571721","-0.376660705758994","2.4612634592269","5.21813625673708","5.70299165043771","2.34114732919521","10.4281130180976","4.6681480508487","8.02881107599163","7.23380774362805","9.30746717077338","-5.51670615843011","-3.90581157302972","4.49558909946313","1.90361696799603","0.278771877470234","4.11600109267832","3.1570360543854","2.85993252302089","8.19547826641261","5.39452228185675","3.96028958497598","-3.59802546034757","5.58735072538869","4.18771305104109","2.25773416555121","0.916003764382594","0.677829835052762",
"Russian Federation","RUS","GDP growth (annual %)","NY.GDP.MKTP.KD.ZG","","","","","","","","","","","","","","","","","","","","","","","","","","","","","","","-2.99999564243126","-5.04693945142462","-14.5310737729264","-8.66854034260423","-12.5697559802151","-4.1435284052602","-3.7550694383594","1.3999158052963","-5.2999616266239","6.39991469144101","10.0000668136515","5.10005122572568","4.69999190914258","7.29995234528189","7.19994786954857","6.39996544799469","8.20006825456321","8.49997776916511","5.19996926404957","-7.79999391271275","4.49999999920672","4.30002918604238","4.0240861571798","1.75542214916291","0.736267221403651","-1.9727192264298","0.193671130698817","1.82670527549192","2.80634082046656","2.19807571381982","-2.65365449695453","5.866491772979","-1.43537063467896","4.06661395813023","4.92167966203073","1.00117656925738",
"Rwanda","RWA","GDP growth (annual %)","NY.GDP.MKTP.KD.ZG","","-4.29752604722353","11.3337983684303","-9.82044441324081","-12.4649926826467","7.0095292549901","7.00891082281601","6.91601750997985","7.01378092757933","11.0073701491938","6.00142524647727","1.20664070130931","0.263068266748732","3.43808814067405","1.4098235737507","-2.1138254244522","19.5045771724678","1.99410948126528","9.15084081575198","11.8699080379506","8.95161232959165","5.43619947877283","1.8108464472071","5.98034993449889","-4.24077327763511","4.40274833269652","5.47213748768876","-0.0240361088552561","4.4988249932594","-0.036534273188181","-2.39929109760368","-2.51437965434005","5.87272524167311","-8.10869188180605","-50.2480671035291","35.224078310176","12.7456957642204","13.8497524852284","8.85866949472509","4.35188831823314","8.37089593573039","8.48456034086699","13.1920736288433","2.2023875095978","7.44766737037035","9.37789916585375","9.22707576994632","7.63329819042882","11.161247324054","6.24825750704265","7.33465645016436","7.95838869909085","8.64150815708138","4.71984856950924","5.66845354233575","8.87036752872743","5.65874584202778","4.70393439751061","8.07084254621641","9.28613387454543","-2.77710485515125","8.41140448646523","9.82497394651698","8.55964292914153","7.22717103344534","9.37579834182446",
"South Asia","SAS","GDP growth (annual %)","NY.GDP.MKTP.KD.ZG","","4.00659385738822","3.28476313771668","4.89741133107454","7.78194010983692","-1.85576964093595","0.629214317590666","6.20931184210744","4.23185397581373","5.81617760080313","5.12087082083555","0.642525246928713","-2.15028550274306","3.38171314196398","2.3070877134364","7.31720705153045","2.19934107739567","6.59954228907363","5.83764199099477","-3.55419942546843","5.87205784803074","6.17408394428251","3.35649803154769","6.64821859374392","4.09563426889127","5.06556320006719","4.70175961499007","3.83198936257934","8.52064264766254","5.46916302240537","5.58717150245801","1.51514935351003","5.41236767045154","4.82260448638672","6.36732623697335","7.19762953250951","7.0743060399513","4.21061775642937","5.98554453313913","8.20855528519759","4.08685651061379","4.57324198800495","3.77199800158957","7.46572456516969","7.54604881721275","7.64449221771777","7.89518423097518","7.53428172873167","3.48063577466947","7.38981184140867","8.19440351710111","5.45109403255725","5.64515915583837","6.23326513053635","7.24547986703887","7.68973935190233","7.96912333644603","6.78411966009934","6.39366632555758","4.09454306534288","-4.98750173652559","9.24659959756499","7.10115392414392","6.7848640413625","6.75761201913679","7.12381420637792",
"Saudi Arabia","SAU","GDP growth (annual %)","NY.GDP.MKTP.KD.ZG","","11.8768510783222","11.922659566413","8.69610923594517","8.77678436346099","12.136763975251","8.18114543360564","8.9093833311003","7.66012652552845","6.03788654154391","52.5920942005017","15.2291070662534","18.7851174670799","22.495101661284","16.0996752666363","-5.48816172961487","15.223556317013","5.89138331583297","0.172375715780035","10.963914559319","5.79761134177146","2.9827447321309","-16.1090907190854","-10.9934407584828","-4.00750444885617","-7.2118044747188","1.00815274394004","-3.13303335653811","6.60034126267189","0.415193428012302","9.4260985412794","8.22077074524385","4.58058206179402","0.379835927354492","0.952965973086691","0.311708028499027","3.30468254228352","2.64731939948642","2.80381183998992","-0.633393640920247","4.71813422138024","0.344593196175438","-0.688390130317757","8.76873381743964","8.63100545880309","5.94489623934835","3.31348473625901","2.21365396372528","6.2379875365458","-1.06671711240203","5.0395150823517","11.758820686671","5.76157382270968","2.94563789152025","4.02467158380668","4.65512316652699","1.70404739202878","1.18210705878283","3.2269508901591","1.65158925617395","-3.80478901996312","6.51959698325419","12.0005874752929","0.542592439393161","2.64893068308965","4.50246560191663",
"Sudan","SDN","GDP growth (annual %)","NY.GDP.MKTP.KD.ZG","","0.0223913339764863","6.91584216208018","-2.84697169636277","-1.12044911557237","6.7770740808087","-3.57514749997277","1.42408130316814","1.9632208185127","1.38935048833054","5.92507472251474","2.24731409476402","-5.07098648865602","0.632195249149476","11.4452891594056","15.7134664487533","16.6652197282337","6.22385378102565","-5.93098672132243","-5.01859933123505","1.52431014444207","7.43756366745045","5.95866643249556","2.06250168867739","-5.00890676951549","-6.28104357777349","5.41381101301441","14.2208845898774","-0.331091817526797","8.93139368961116","-5.47005377383857","7.51091035393294","6.57786138499603","4.56874918954713","1.00622924788334","5.99709226051246","5.9191237633176","18.3126571850273","4.30850425525036","3.10409561549652","6.34586743997545","6.50036053396883","6.0064715363132","6.28880816146516","5.14088851762675","5.64351551343631","6.5314117467792","5.73527423664484","3.84674473121058","-2.76770436599138","3.85824195230107","-3.21353209253371","-17.0046884048945","1.95514463302422","4.66137954229873","1.91017689052751","3.46764218409288","0.70925628476644","-2.6809305497999","-2.17825104530091","-3.62980082410752","-1.8685204827207","-0.957816591119183","-29.4332716274387","-13.9643378424022","3.06427942935869",
"Senegal","SEN","GDP growth (annual %)","NY.GDP.MKTP.KD.ZG","","2.99344825626973","-0.136235360562637","1.86447856929158","3.88392710164631","1.33218949146287","2.8767609752687","-1.21979286528493","6.2907735312989","-6.55414292250094","8.56204551455826","-0.140449439855544","6.38320891557467","-5.58324010795549","4.20077552585172","7.53566259858628","8.92050370390294","-2.68290530487465","-3.95393126013779","7.00168561322543","3.98776197168547","5.18022967002236","8.01038437134387","-5.64746028114288","3.93584244306339","3.46308446515194","3.12698554897204","6.25586340662731","-0.816575488243529","3.97378331483225","-0.746282224252312","2.65996265739379","1.32023303661357","1.36021300651346","-0.0475209486617416","5.46858485819628","2.01997720854131","3.04560103485423","5.89847931769205","6.28330825030987","3.88721095816793","4.31085146618369","0.0686965747419066","5.59395094456143","4.64329393683312","4.31023852639633","2.33077098330239","2.82711920133374","3.70316906391386","2.75210448455053","3.39088925336209","1.33409107961258","4.00299555090457","2.41238527605579","6.22407443790986","6.36704365066983","6.35606857208136","7.40748618589598","6.20924103388887","4.6136280976221","1.34207377285524","6.5440010991951","3.85043193752725","4.25743083300657","6.46220577412338","6.68227744849194",
"Singapore","SGP","GDP growth (annual %)","NY.GDP.MKTP.KD.ZG","","8.13752950817668","7.55344418052258","10.0401733131415","-3.10316815597076","7.83426046474929","10.180095306912","12.508612746034","13.5269942226387","13.8338251160131","13.9420030031916","12.4134371586342","13.3155626083739","10.6030030171787","6.11740437109883","3.98873862550901","7.43716681814959","6.85244239382494","7.77718195422017","9.55444873972347","10.1133721068475","10.8159232986752","7.10214484891354","8.55448210614414","8.79228623912256","-0.622701650113157","1.34281041445436","10.7979324702819","11.26359213382","10.1588286387889","9.82089955731777","6.68839753958379","6.63980556949564","11.459650875246","11.0956893100227","7.17540112091071","7.47139086002002","8.31620911124497","-2.19101500611274","5.71837175710837","9.03831632555163","-1.07086275100448","3.92336076702013","4.54825542643229","9.93998268434957","7.36632239250758","9.00676607871758","9.02151951268893","1.86348345462035","0.127953382778088","14.5197497108994","6.21493416858989","4.43549759378537","4.81763099120676","3.93554027709007","2.97679931634806","3.91095306322606","4.32679370770501","3.18660848474074","1.15877947300108","-3.61084281729929","10.1410845197192","4.01027884472296","1.45026775889565","5.3435120192366","5.02588199508003",
"Solomon Islands","SLB","GDP growth (annual %)","NY.GDP.MKTP.KD.ZG","","","","","","","","","","","","","","","","","","","","","","-1.79701939002045","-1.66956554612044","3.89059164106416","0.170200301592132","-3.13232290871788","-0.201430169017442","8.42131018975358","1.25019632877232","4.26425671266092","2.19999999881691","6.00000238324935","12.6999978113729","3.99999961237647","8.10000120573282","10.08861564659","1.60990760846707","-0.91407746990609","1.29151109576075","-0.485730372778804","-14.2769995149354","-7.95660550454917","-2.7999838935951","6.52346760921694","7.68364102152745","7.35907917681935","4.13726239664898","3.63973499569106","6.22590636247851","2.86486309630651","9.70817235491481","7.43023752099302","2.46591837712438","5.23744704670068","1.18945509547778","1.67578612030815","5.55494348257992","3.07546176144591","2.74585244829055","1.74925244485951","-3.38125925839405","-0.227975292792024","-2.58448361755723","2.84111851154807","2.99755987604104","3.61715088072386",
"Sierra Leone","SLE","GDP growth (annual %)","NY.GDP.MKTP.KD.ZG","","1.80904354589393","4.54096703629196","1.69971521061807","6.68523879170613","7.18015579001271","1.69999999385276","0.0362815543045798","2.01992381869762","8.5254467948847","8.6204932371125","3.46591649879089","0.900234646639376","2.25661826183767","3.49982830211664","1.66921654763301","-0.449176346762428","0.0466758030396051","2.40633216635982","4.51126559856982","4.84350377144425","2.88142855921659","4.78175552357484","-2.10280161544287","4.09303426616118","-5.31134047950705","1.23604689260759","7.23126874831432","-7.08000000523833","0.729999989315928","3.34999799346166","2.35196132919053","-19.012909778472","1.37454997423123","-1.9473850336049","-7.99975272721831","1.75382062624389","-5.87708084575527","1.78501237019348","-1.97928670052485","6.65273028404766","-6.34545563328469","26.5241350674409","9.48363126885343","6.47884588417347","4.3534998069981","4.28311062264335","3.74975804751641","3.68605969932123","1.53080323958716","6.35566595800495","8.10065518714917","10.578331663387","14.6633238075229","-7.81501512457241","-4.36333262093788","6.43743652764257","3.20786087715987","2.8938564123677","5.50270937378153","-1.2533490322766","5.8968527047094","5.3135546141915","5.7100218981806","4.29322334404611","4.60865077581276",
"El Salvador","SLV","GDP growth (annual %)","NY.GDP.MKTP.KD.ZG","","","","","","","7.16113774212035","5.43684884780356","3.23669238728887","3.48541881377602","2.97729509281315","3.85825751349313","6.11753368716674","4.86167350408661","5.33600110676542","2.92353188852029","5.04926017375946","6.78006172824861","5.32276583472789","-4.18026543326904","-15.8368642948659","-5.72099045152937","-6.30847137584757","1.53902528398682","1.3352580295922","0.614316239316253","0.19467303778427","2.50816921310606","1.878176962178","0.964059196617328","4.83290057793786","1.49408756791307","7.02196331575217","5.81831555719015","4.6920617266787","4.73408140229732","0.811461899328009","3.13797006665828","2.65227730016461","2.16203373722973","1.12790697674419","0.879613659882722","1.57291844759789","1.56539303147618","0.889404485692197","2.68083009363194","4.3369986028604","1.84760220587859","2.15440298282768","-2.10876837627522","2.15419536693635","3.80688113429295","2.82262371802327","2.23562439198375","1.70870628357073","2.40000008852115","2.53906241135864","2.24761908134138","2.4124442237792","2.43747159065784","-7.893101359867","11.9047617015957","2.9546041089332","3.35508721646165","2.5904637107794","3.90594189242583",
"San Marino","SMR","GDP growth (annual %)","NY.GDP.MKTP.KD.ZG","","","","","","","","","","","","","","","","","","","","","","","","","","","","","","","","","","","","","","","7.4656188605108","9.04936014625228","2.17937971500419","5.57834290401968","0.310800310800303","3.87296669248644","4.5488441461596","2.42510699001426","3.83008356545962","7.10932260228034","-0.500939261114581","-10.3209565764632","-5.47368421052632","-8.3147735708983","-7.04453441295546","-0.78397212543554","-0.702370500438988","2.29150309460655","2.34441211810459","0.258259899709444","1.49390399796074","2.06569082920953","-6.64791226034481","13.8977857594089","7.89844678230362","0.401932371532837","","",
"Somalia, Fed. Rep.","SOM","GDP growth (annual %)","NY.GDP.MKTP.KD.ZG","","-3.2619812023401","7.07665543416643","2.80880257009377","-6.11062333034076","-5.94368149253897","9.09865470772178","5.94094361661143","2.02997732483756","-1.69956971733313","4.58140792145136","2.13836477986746","14.8809523809569","-12.1493657316414","0.752491356521489","14.6951958013713","-1.84794086589463","13.6453290299402","5.79941860465809","-4.98694875669908","1.7929438982078","6.26420454545237","2.76700975805294","-11.5764828303838","3.2656663724599","9.52991452991402","-2.14592274677898","10.0877192982455","3.41524772059694","3.80766467033011","2.32693048576063","2.95057084433306","-8.4883234813083","3.99059641901943","-17.8469894884494","3.99059641877655","8.04601505009022","1.18049184621003","6.58649325372474","7.31829550386784","7.11031431133236","7.1103143114324","7.63026729331047","7.63026729332455","7.11031431125608","7.1103143113146","6.48637073273908","6.69435192552552","6.69435192582009","6.69435192556188","6.69435192550543","6.69435192567755","6.69435192556698","10.9592986164311","8.97800590574617","10.4621881235147","7.03487260042162","14.7357956045195","2.05431507261069","2.80033312513012","-2.76455696202532","3.44719850031242","2.71821202053759","4.17524257571303","4.11139335779471","2.99114404482197",
"Serbia","SRB","GDP growth (annual %)","NY.GDP.MKTP.KD.ZG","","","","","","","","","","","","","","","","","","","","","","","","","","","","","","","","","","","","","6.16496253825672","8.93321347004755","5.34263970320437","-10.3255055897713","6.0550897288645","6.77852279368084","6.54104600309256","4.55968997935088","6.68686836863701","5.90349622935489","3.90066644620993","7.83207023027602","5.16089327231823","-3.14261075416574","1.61097281449412","0.0542724836581954","-0.443956070983248","0.451578805330726","-1.80427041681132","1.2957386351958","2.97519807160826","2.3634031250553","4.64935035491007","4.75020793899014","-0.950023991851594","7.94905650472278","2.70347705543654","3.74793303561771","3.94992622592932","2.03039196235113",
"Sub-Saharan Africa (excluding high income)","SSA","GDP growth (annual %)","NY.GDP.MKTP.KD.ZG","","1.07886922894784","6.04486755417837","6.2432335344275","4.96586950362936","4.68275615377377","2.02036959796969","-0.768819452182683","3.12681623152287","9.00378609034182","7.80793873980497","7.70684477090732","2.94890532896063","4.29298875567599","7.53505140919863","-0.232030588864433","5.16607229085085","2.77096985088288","-0.189862081995912","3.92631783034358","3.72431093140804","-0.811673364318452","-1.20239543565415","-2.54172903746786","2.25285161199118","2.00113711697385","1.87013030045379","2.93224550665852","4.47161095332989","2.28940450357453","2.25621792433199","0.385346461724751","-0.500369691586116","-1.05027336467786","1.03194943080678","3.33008209892374","5.13900734550367","4.06130618050753","2.51808846895678","2.17901438370254","3.4358337996657","4.22119839047403","6.39924111968367","4.1312972548824","6.6935904451781","6.00692540507985","6.0464630905323","6.15715285313649","5.20765761067246","3.15210965605388","6.0677707928219","4.28795897854658","3.3284467382704","5.27788752698235","4.72767581662336","2.92864568387523","1.30783035327565","2.50327515080239","2.7922269325805","2.54617045203717","-3.28342298905326","3.58478965187514","4.02837470360804","2.71209038880693","3.61639391196729","4.13764837892776",
"South Sudan","SSD","GDP growth (annual %)","NY.GDP.MKTP.KD.ZG","","","","","","","","","","","","","","","","","","","","","","","","","","","","","","","","","","","","","","","","","","","","","","","","","","5.04164187983342","5.49341639529945","-4.64031673600859","-46.0821223743007","13.1297311406943","3.37364847715736","-10.7933646271143","","","","","","","","","","",
"Sub-Saharan Africa","SSF","GDP growth (annual %)","NY.GDP.MKTP.KD.ZG","","1.0754631236215","6.04610607563589","6.24531846522662","4.96639887465093","4.67953817133558","2.02665890712903","-0.768067170663954","3.1294376068284","8.99822522164762","7.80854159298841","7.71147119452174","2.95095772317427","4.29599242239347","7.53094036861519","-0.229911832692025","5.17321327983227","2.76460277790991","-0.176019904661672","3.93566007705471","3.71657148608928","-0.813990345004342","-1.20303181134561","-2.54034324783321","2.25435817157762","2.00734527268828","1.86923327902062","2.93380062137025","4.47230825534777","2.29598076633089","2.26082722814508","0.387559290605026","-0.49305149221405","-1.04170776353544","1.02809298677241","3.32702733845693","5.14408095260519","4.07018981042435","2.51802882377486","2.17865301194801","3.43679300853846","4.2135192182343","6.39348834856037","4.12072590578165","6.68448764056897","6.00952996907236","6.04946351604032","6.15965789735048","5.20016102666739","3.14726802642645","6.06650061092895","4.29214102609687","3.3282636069647","5.27451055861322","4.72713989905584","2.93344601140815","1.31700355850863","2.5074548530006","2.79433082130898","2.54913933046186","-3.29212615874913","3.58194129290288","4.03371066956886","2.71446691675897","3.6161279249573","4.13928145259649",
"Small states","SST","GDP growth (annual %)","NY.GDP.MKTP.KD.ZG","","","","","","","","","","","","","","","","-0.0902775604260313","10.5579103105561","8.2846391041723","7.10894310910047","11.3616774566386","0.429346270835325","-3.58196633390526","1.47551910809145","-1.11257350743072","2.55914946069957","1.36102597539723","1.98157837119564","3.08924228517429","2.42566067720898","3.11403331496791","2.92389205862469","-0.376060830446306","-1.01988992020556","0.491041153807757","3.12717248949615","3.92271580046742","3.7852080808342","5.23578746340209","3.78512625119176","3.47625456025375","5.96515098709465","2.71123227665191","3.57024132752943","4.74180180443319","4.49611380473492","4.43373124919084","6.55695530293785","4.68401800569625","1.21187674349743","-4.35396889421725","2.09524612741406","2.53147178044759","2.145392566206","1.16517400770937","2.33382759269183","2.25069098311559","1.764520691762","3.2130480541305","3.38174135854818","3.11127439080343","-6.9752973416568","7.29421049896773","7.42838535135735","5.02859646200615","6.06796967493719","4.39108110908893",
"Sao Tome and Principe","STP","GDP growth (annual %)","NY.GDP.MKTP.KD.ZG","","","","","","","","","","","","5.37532999484682","2.29103269566046","1.59230103452408","5.68377540167492","5.37809647703489","1.63934420591072","23.4175289253147","2.89729997671209","16.3431584046761","-1.08135941310979","-10.3139022174618","3.09278360147638","-3.87397151622915","-6.03046000123703","9.29988604655227","-5.83211886217245","-2.93011348938296","1.99872995054187","3.13531564577619","-2.1526457716534","1.2010046399312","0.699996987364386","1.09999859547847","2.20000158236296","2.00000170678776","1.50000107570656","0.996320930540918","2.49998790327494","2.50000625631461","0.448368261692949","3.06448295788719","3.360188168222","8.29151946119818","3.5379059435684","6.61462475033599","8.86610935944026","3.64147185166024","6.2287850696102","3.30239966645061","1.44845522890635","1.99943210333259","2.94294277416023","5.11967735428513","4.90621048664867","1.5397042826735","5.17682468684113","4.11297966281954","4.37812808264972","2.01431672129407","2.62485949543812","1.89929891337832","0.168698492216564","0.372252775001456","1.47888850952698","1.02847453097097",
"Suriname","SUR","GDP growth (annual %)","NY.GDP.MKTP.KD.ZG","","4.79999998694005","3.90000000631146","5.60000000041359","6.50000000660916","12.0000000009194","19.1999999853885","12.1000000069554","7.60000000122862","4.49999999500439","2.70000000174831","3.89999999988031","-0.600000002867247","-1.7999999922735","0.399999992289239","2.79999999838039","8.80000000640359","10.1999999978279","6.59999999826209","-0.599999993319713","-8.80000000368032","7.10000000052638","-4.20000000002048","-3.90000000527979","-1.89999999376079","2.00000000362783","0.799999993864688","-6.19999999331796","7.79999999163023","4.19999999718658","-4.49999999759301","2.69999913539954","0.400000008536168","-6.6999981497152","3.39999889736058","0","1.00000122281456","5.6999976832949","2.30000165105389","-1.4000004700581","2.09999886750489","4.20000042083539","2.80000068850687","6.29999943314137","8.50000018479413","4.50000021086888","5.79354358463304","5.11148777773458","4.14340681165626","3.01369898266211","5.16882515225814","5.84936767173009","2.69034974668847","2.9334416518612","0.255503031645475","-3.41304268067621","-4.91166050905851","1.56603782534897","4.94827108468886","1.16758977233877","-15.9751917148622","-2.43538583612838","2.40622235601218","2.41659215006946","1.72095749127065","1.79169153226913",
"Slovak Republic","SVK","GDP growth (annual %)","NY.GDP.MKTP.KD.ZG","","","","","","","","","","","","","","","","","","","","","","","","","","","","","","","","-14.5738026728363","-6.72148858941303","1.90132875267943","6.20553051900119","5.8434942995335","6.11957878556568","5.48584018546269","3.82610773560614","-0.473261209621114","0.78922447792516","2.92516077248489","4.41725348271514","4.85669851591319","5.38949856996771","6.48493222274386","8.92568704770216","10.8186295074904","5.36337721231949","-5.50533790972226","6.79058159142423","2.56242473215553","1.56917104702706","0.703323545247201","2.70795151449488","5.17687909722133","1.94781841524558","2.87473327453695","4.06211981896483","2.27589910019393","-2.58551241733207","5.6558588065555","0.544591632137454","2.11263633214959","1.93867445549446","0.807418690144758",
"Slovenia","SVN","GDP growth (annual %)","NY.GDP.MKTP.KD.ZG","","","","","","","","","","","","","","","","","","","","","","","","","","","","","","","","-8.90010739121053","-5.46369702570964","2.84342005538596","5.32748694375739","4.1071588268846","2.91361775262531","5.17133827310541","3.06382595802013","5.26800700427259","3.49791942086068","2.82868479430465","3.28258371393918","3.19503117236037","4.54602214352336","3.8541277114569","5.90878130011174","7.1392312914716","3.37223866114127","-7.59058614046387","1.11213719306735","0.655438128379743","-2.91553782040462","-0.823776417691676","2.76283327639742","2.39330621338168","3.03441486663654","5.17440215579958","4.37908347331195","3.50525332381912","-4.08500094942896","8.41686457725321","2.66850555542486","2.3758326648385","1.73139722479493","1.05992996255246",
"Sweden","SWE","GDP growth (annual %)","NY.GDP.MKTP.KD.ZG","","5.68129282767997","4.25904719368346","5.32793383778119","6.82116446107321","3.821507586275","2.09084426689796","3.36538864517098","3.638505638623","5.00907518225404","6.47367396370416","0.944646218021433","2.28873878707626","3.96798115589563","3.19819561873223","2.55286265850103","1.05810489091265","-1.59625857600648","1.75154803918647","3.84000348607525","1.69997145285421","0.454830427902976","1.24866467425022","1.90063868064665","4.22953525809793","2.16037374917175","2.69132318957357","3.35384296895474","2.55903868133913","2.65480690949124","0.754674765275468","-1.14597485051154","-1.15859275987265","-2.06561636908388","4.01576585901515","4.09438992772475","1.70471985374236","3.06499186399252","4.24583179417877","4.20111929805536","4.63112136551369","1.36080642694121","2.27772867861897","1.88102769675844","4.17958419343711","2.79313782840156","4.67607488877992","3.22486814096095","-0.923113250067971","-4.25561384207619","5.75076477579255","3.16388567406926","-0.414397702454409","1.13766671801426","2.29577238758284","4.38824673608589","2.13117914731151","1.88282184966646","1.7702553546772","2.60823012869524","-1.93379704032216","5.2258643028773","1.25543620445816","-0.204061304891439","1.01779633304398","1.54316373266217",
"Eswatini","SWZ","GDP growth (annual %)","NY.GDP.MKTP.KD.ZG","","","","","","","","","","","","13.7436337306559","5.42429428264373","9.01867373858821","5.74348690476276","13.9084441066064","-2.11943776564657","1.00959290787206","1.32712872842085","3.10694505124196","12.4490521716711","14.6414410739109","1.1725678797539","1.20235489842577","6.16175508690877","3.79241569165134","12.2644780398838","14.6065902367825","6.56982157105428","12.9111040728151","21.0180005361393","1.76037682932704","3.22620638317446","3.10611397305176","2.40069167481312","4.82565106458388","3.84205383650107","3.10280518683581","2.60403956171793","2.95087537020716","1.76017328388222","1.41221393287066","4.0886479398829","4.53865525672528","3.61711931922247","5.99228289096037","6.72880946564094","4.31772144872362","1.44055358727118","1.43311134247756","3.82443487429767","1.83973625916165","4.09048190124592","4.09458522119226","2.05738179246586","1.70425806017289","2.94916821059911","3.52095345987983","0.0653956557843571","6.43186888691574","-2.95183453409287","4.23621913615419","0.386070835562705","3.53257662836211","3.03162462475916","4.1939175580556",
"Sint Maarten (Dutch part)","SXM","GDP growth (annual %)","NY.GDP.MKTP.KD.ZG","","","","","","","","","","","","","","","","","","","","","","","","","","","","","","","","","","","","","","","","","","","","","","","","","","","3.19999269219366","4.60000341415395","1.39054456773131","1.30673103459678","1.58038221539113","0.105813149997005","0.96775836306881","-7.53521399882428","-6.85698299227944","10.9650009352392","-13.3167887221567","4.57759677933345","13.9000012614164","3.79999769985537","3.00000089532888","3.40000000000001",
"Seychelles","SYC","GDP growth (annual %)","NY.GDP.MKTP.KD.ZG","","-4.88227635362706","8.40858127584126","10.1356029493254","5.91924643496992","-1.06057106861537","13.8965075360333","0.504739465799275","7.55323565508952","0","8.87186986242048","15.851775748595","6.30830794999662","9.0541863202116","1.3028496617177","3.17740509236735","16.2776477252918","-6.19022681541391","21.1516925236461","15.7943406095992","-5.10067699600361","-3.87678310732159","-2.07107442786574","-0.616235246916048","4.30562287993293","10.2937416502849","0.761946624567258","4.87455237857419","5.3264103896111","10.2856546063098","7.45476632743625","2.76042625999888","7.17304395387974","7.3033707678707","-2.43656881060774","0.485036699253456","9.99794595219808","12.193641751411","2.4674409352512","1.87200510893879","4.25319834931828","-2.27116288552982","1.21283290259314","-5.88712848764477","-2.8504539768538","9.0057617374238","9.40612855732827","8.87606645570879","-2.72594626154864","-2.47937594726137","4.50513204312067","9.5097833517957","3.1106784939243","1.25373496242949","4.0636918123521","8.9140088750469","12.1175272453913","6.95416218794271","4.93947272254312","5.5142920737342","-11.7398608281732","0.552281631207279","9.88048366355446","5.17980996672414","3.34667429007052","5.79795669973812",
"Syrian Arab Republic","SYR","GDP growth (annual %)","NY.GDP.MKTP.KD.ZG","","10.8330639000002","24.5212971717849","-8.6527466722076","9.2713638022407","2.29937387537676","-7.65906551020211","8.25768264705083","3.72908022105565","18.7679152118321","-1.79685287528201","8.95581456274421","25.6607151992633","-10.4698549438381","25.7957728545964","16.3515760555234","12.2544466019418","-1.79951787755418","9.94259012392304","0.887988823235375","14.5081169532396","7.75534386462431","2.78908664825673","2.32033993721339","-7.61063021187196","9.3508073317891","-7.95292895543678","1.68228234551005","18.0111401002195","-13.6472821767151","3.73955590233751","7.66646818712442","12.972790068566","6.15089557310075","7.21302920527431","7.02658954303115","9.82556940470964","5.0238045081104","6.78530452433867","-3.55344987109004","0.675642589410501","3.79340343988601","7.85855098148016","0.590781711933914","6.9025333036284","6.21550444795768","5.04600280095076","5.6747382107833","4.47662154277957","5.91229460524147","5.19150915015936","2.8502205980333","-26.338904668983","-26.3002577493205","-10.3103412087823","-4.17969204561759","-6.40568496867387","-0.723346297115341","1.39323324059961","1.22072818348491","0.954914586675713","1.7896919997567","-0.20247264200475","","","",
"Turks and Caicos Islands","TCA","GDP growth (annual %)","NY.GDP.MKTP.KD.ZG","","","","","","","","","","","","","","","","","","","","","","","","","","","","","","","","","","","","","","","","","","","","","","","","","8.27189312486149","-19.5502467595022","0.984924853810682","4.62049892978239","-2.66655562053364","1.07088049554032","8.71129580824217","11.3148293929929","7.25118627570265","74.5879880544188","6.75264845178367","4.98170549382992","-33.8170973434652","29.6293781722414","14.0871234168153","13.7311481139228","5.63682517443362","",
"Chad","TCD","GDP growth (annual %)","NY.GDP.MKTP.KD.ZG","","1.39774367077582","5.36011610893922","-1.59945401520737","-2.51093960346873","0.606227786326357","-1.80709239199822","0.767201382289826","-0.457218866538199","6.88131022379166","1.85965647855571","-2.24762637244979","1.14961609483252","-8.38088300800818","4.96185258253874","9.01026730550424","2.98076526952664","2.23462484913821","-0.469634188032288","-21.4410876889116","-6.04767074733067","1.0429181025978","5.34660899936992","15.6787177787333","2.04889891081616","21.7927735303921","-4.08166751727347","-2.38880849732436","15.4823590700135","4.88473510251002","-4.17847237277633","8.53513716635477","8.00144334899822","-15.7098370447417","10.1368876324308","1.23654931570509","2.21447303497622","5.65339232904813","6.95157991370925","-0.68285022143975","-0.879681024156014","11.6581346550771","8.4912098197177","14.7216670123589","33.6293718498522","17.3325337352162","-0.54282957080251","4.20017418353298","3.08119033854541","-1.40828262637592","13.6738272725339","4.49542967058827","9.06180392253447","2.83821524730293","2.06283074361411","3.30415979779805","-4.12250332637034","-1.61746922820204","5.74111580758154","5.38282202874814","-0.393646582380399","0.293442648033434","4.12969897668356","3.99861309461539","4.95210484607125","5.58988021765651",
"East Asia & Pacific (IDA & IBRD countries)","TEA","GDP growth (annual %)","NY.GDP.MKTP.KD.ZG","","-13.4344045751135","-0.671882573266259","6.46289022242695","10.8314233341795","10.8232227844315","8.02103841560726","-1.45214525661203","1.73284297813564","11.4208682798762","13.4819230456563","6.77130343460077","4.89305187770393","8.25728655472378","3.91888962391928","6.71817412294642","2.75254308225053","7.46459161658966","9.18072276187421","7.0132313365219","7.46495486486774","5.57103885627166","6.42192913763778","7.70098472165076","9.99516599613037","7.92499376951355","7.14736204331348","9.18952513988786","9.77275470718268","5.68575057736768","5.14141902525773","8.09982815056638","11.2452158300335","11.30819650594","10.954415475779","9.9245586983822","9.10361774788457","7.40209003031499","3.00501627010981","6.45307927178109","7.71852126042445","6.98845090936314","8.14910214520081","9.0198981787084","9.15538288762043","10.0453479369689","11.0701698073483","12.4514594274886","8.64714723897988","8.01813058739246","9.8937176385907","8.58526373940811","7.58039439959404","7.3170154101466","7.02222532623085","6.66374638813893","6.50841250220505","6.66638400332221","6.53783889633732","5.88481120447702","1.34329202401489","7.71993890573823","3.5491103392587","5.2600647393007","4.95413752144529","4.94449693162349",
"Europe & Central Asia (IDA & IBRD countries)","TEC","GDP growth (annual %)","NY.GDP.MKTP.KD.ZG","","","","","","","","","","","","","","","","","","","","","","","","","","","","","","","-1.44144823651867","-5.88712008459063","-9.53832955964424","-4.63786536101067","-8.41412929870859","-0.0326937506938521","0.986283325498619","2.91629375179041","-0.701270295875517","2.49400473409132","7.37530383700147","2.65918222948618","4.99079319794743","6.18506307871878","7.87398994088686","6.63985652194599","7.86762732683354","7.62876967431964","4.49351299322045","-4.67925961129608","4.69523800480289","5.88037781104649","3.46791933031466","3.37336805240554","2.30298411904455","1.46022367131448","1.89511334774663","4.37963852941809","3.81479272946348","2.83114768378128","-1.44509752100556","7.59725679517675","1.97113681599863","3.8319198777364","4.03167528195137","2.84310557858637",
"Togo","TGO","GDP growth (annual %)","NY.GDP.MKTP.KD.ZG","","12.1693173716966","3.77365283189978","4.99969427082227","14.2860112631032","15.4597127063262","9.4087191007167","5.50037155762124","5.02369185243529","10.8308683441436","2.52430264526689","0","7.6251575468784","3.83748400245855","4.83284911849424","2.44054118351914","-2.05152258707815","6.95908537296113","11.0454345072834","-5.16774264547425","14.5769561096296","-3.31518607757171","-3.58240254629433","-5.41400778468125","5.55555504120959","5.55555216355627","1.5865043145251","0.510162180697307","6.64236977029414","4.06002168353761","-0.243656134474705","-0.699967495023117","-3.98068681380465","-15.0958274819575","14.9824143442687","7.84583232329818","8.83621162979911","14.3773775724317","-2.29987657013699","2.48175143834959","-0.783479610048047","0.823438752111855","3.82662257675142","6.72017142336034","-0.978665332738743","-4.66629938413338","2.65013209943473","-1.1751368996605","4.03561315398862","5.45381096920332","5.85433399076879","5.82325622135289","6.30271426865185","5.82425069283059","5.63323739145223","5.4680413807304","4.21490387414525","4.00791259566937","4.79518333086139","4.91949260488683","2.15900131150536","5.13562929064506","6.29443692019429","6.19762969378132","6.52651376797853","6.31032671625633",
"Thailand","THA","GDP growth (annual %)","NY.GDP.MKTP.KD.ZG","","5.36214630168787","7.55425444784086","7.99983078698784","6.83099614370542","8.18166153767717","11.1225184946389","8.61598233328198","8.12227025554289","6.55065988587748","11.4079490662098","4.89537376024299","4.27850803861051","10.2364330148798","4.46625338575453","4.97040522766497","9.32681108178437","9.84346323531113","10.2957465349385","5.37176651254237","5.17354100571934","5.90686776303639","5.35234875066743","5.58420246919084","5.75243025148993","4.64724035659331","5.53382776724771","9.5189460221079","13.2881140717644","12.1905059866109","11.1671634446293","8.5582603212423","8.08338802345332","8.25191591524627","7.99702466720433","8.12031534625378","5.65194446499471","-2.75357515314082","-7.63403528600102","4.57230775115542","4.45524704335014","3.44424900968372","6.14903605210036","7.18924330340971","6.28934214285795","4.18763842884337","4.96781089246107","5.43515169050809","1.72569884866334","-0.690618232300579","7.51339053261624","0.840132083053334","7.24279620249642","2.68749556320556","0.984468863619426","3.13404724911635","3.43515771692182","4.1776810321001","4.22287028746071","2.11455779628278","-6.09306312966953","1.55858232076893","2.63784213566305","2.24883437970568","2.94859986593323","2.44247444990198",
"Tajikistan","TJK","GDP growth (annual %)","NY.GDP.MKTP.KD.ZG","","","","","","","","","","","","","","","","","","","","","","","","","","","3.49999987309577","-1.20000004458646","13.900001094354","-6.50000066364703","-0.59999963133663","-7.09999909622525","-29.0000010554471","-16.3999998448822","-21.2999980130949","-12.416322231899","-16.6999984353389","1.68067413588066","5.31286765940042","3.69955071665851","8.32432449473859","9.58083617842951","10.8000037591665","10.9999990780572","10.2999989410117","6.69999851655409","7.00000321108996","7.80000011872161","7.89999827154939","3.90000114826496","6.49999908585235","7.40000059956711","7.49999946321525","7.39999974700379","6.70000069016253","6.01930331771186","6.89999999999999","7.10000041864309","7.5999988895536","7.40000016310556","4.40000111553493","9.39999955037523","8.00000033846364","8.29999921651935","8.39999980983981","8.40000053390075",
"Turkmenistan","TKM","GDP growth (annual %)","NY.GDP.MKTP.KD.ZG","","","","","","","","","","","","","","","","","","","","","","","","","","","","","11.0236221751372","-4.25531950689688","35.3845581084463","-4.60526320431288","-14.9659866561153","1.50000032726246","-17.2998605116336","-7.20004092656342","6.69999198681985","-11.4000001301061","7.1000003383482","16.4999995329385","5.46906425232281","4.34384545203714","0.257179997445405","3.2688286670479","5.00040735874585","13.0340347988606","10.9733082952862","11.0592995865825","14.7000000144534","6.10000001746145","9.20000007329543","14.7183120474814","11.0508311776258","10.1628450365084","10.3497353947965","6.45254918531575","6.22909997062793","6.45138358820188","6.20602363832646","6.33169567608873","5.87065623130427","6.15115785574542","6.23491365071671","6.31879850268643","6.28235647996578","6.30000003697894",
"Latin America & the Caribbean (IDA & IBRD countries)","TLA","GDP growth (annual %)","NY.GDP.MKTP.KD.ZG","","5.97964712665822","4.39430472409916","1.97290392859135","7.45700075943725","5.48170570820972","4.69547273475474","4.1984113145259","7.16779147337756","6.49235744178991","6.5942207083836","6.63598755124912","7.01521788100474","8.08460045132603","6.32130506233412","3.64183875158209","5.48897720850805","4.81395836914209","4.32295179994262","7.1990035803457","6.52097130258772","0.872199321526452","-0.250779066710976","-2.71044657820396","3.74372422285821","3.06532778038499","3.60782292933865","3.41351446989178","0.583254396630181","1.11355232167804","-0.0339148823903344","3.52735389843239","2.91198789374343","4.57763283422598","5.12380357276018","0.818894035643041","3.89135505209728","5.52674044871256","2.89065711346115","0.305620935709669","3.59812186214749","0.314501871853068","0.171881489199649","2.27451039953415","5.64708523651846","4.19398022317677","5.37481873645092","5.45666137062888","3.85426414207737","-2.34912629613164","6.42164085310479","4.56412247168292","2.71792459208542","2.8059330343136","1.24870826294293","0.189496368114675","-0.748991632597836","1.62136105748272","1.30772581346528","0.295159946142377","-6.78167389936947","7.27596087772766","4.12386672781881","2.28058560829545","2.27782988064618","2.356382434447",
"Timor-Leste","TLS","GDP growth (annual %)","NY.GDP.MKTP.KD.ZG","","","","","","","","","","","","","","","","","","","","","","","","","","","","","","","","10.7142805140818","10.4595196012455","10.2047655200409","7.12283832241383","6.68126470624202","7.9821850008766","3.99999400523568","-1.99999615720213","-35.4524312251332","58.0780959334582","16.3476940466477","-6.70069541098115","-2.18226413236545","0.400003981151968","2.98457963807486","-4.11609268942114","10.2653884542201","11.3948048266465","10.1469544183475","9.33149490201264","5.95855605611087","4.86062186827468","3.10436683211147","4.47249846569638","2.48004040218397","3.00993062553351","-3.18241522489195","-0.466502170658785","24.2128840085001","31.7257416721413","5.36980119392668","-20.5224802314812","-18.1359049134472","-9.10069289810397","6.97538939119629",
"Middle East, North Africa, Afghanistan & Pakistan (IDA & IBRD)","TMN","GDP growth (annual %)","NY.GDP.MKTP.KD.ZG","","3.74843136140311","2.61927324111977","11.2202599397029","10.1733021027494","12.2251523564594","7.15539067220826","7.5754905386928","12.4297663395758","11.0401456605983","8.71170715809461","5.55731035460268","11.8859911986405","5.45905335460554","7.38155764870861","3.11805146573603","15.1656577711159","1.68945814969155","-1.8331859495468","-0.504599495761383","-3.29704894968431","-1.40745681504647","10.9343722751267","4.73838743541826","0.169808151922382","4.34578436096069","-1.7782232715598","1.0286349263005","1.82439279293476","2.82251484964358","9.86332706526052","1.21357127676971","4.9785597764842","1.54367232601378","2.31445648664159","2.93934105964388","5.98439027778824","3.39117576632543","5.35435051228698","4.18256182593831","5.85778719812157","2.9743449585953","3.36398493325214","2.61828464466458","7.6240087305675","4.91658992231594","5.44754788079531","5.83436106152658","3.44592626794191","2.80047655589699","4.82653120984563","-0.432970438519078","3.53419338600358","1.09589599784469","2.41712951869309","1.09556855918702","5.53604079765444","3.41861623376329","2.1052660162653","1.39572055452479","-2.55101546183431","4.31282389000222","4.3223956322189","2.92442456913298","2.43947657943453","1.9829526200861",
"Tonga","TON","GDP growth (annual %)","NY.GDP.MKTP.KD.ZG","","","","","","","","","","","","","","","","","","","","","","","4.74126542034365","1.98240271299422","1.73839202111998","6.55846354534968","2.11866086493171","2.98563769172688","-1.88187195516706","0.389906802973172","-2.0440915137989","6.4149535652702","0.251973395838817","3.73805810585928","4.95252124359504","6.22816022763234","0.0929181768768501","-0.600537843483892","2.2925765040134","2.30246259770198","3.75409745006452","1.49248125545273","4.4292235994526","0.0518054450729011","-1.96794740326561","-0.657650703495165","-2.16566342680382","-2.46430779100223","4.86284132376997","-5.12917819150532","0.824396914081831","6.70369746238768","0.919761024923076","0.393922530137331","1.99053769890816","1.11374402398066","6.59869879417958","3.20231976224244","0.527828083180253","-0.285210784299821","1.80618715298932","-0.934919892094683","-2.12854876486114","2.79014715494606","1.71653807667747","2.79999999999998",
"South Asia (IDA & IBRD)","TSA","GDP growth (annual %)","NY.GDP.MKTP.KD.ZG","","4.00659385738822","3.28476313771668","4.89741133107454","7.78194010983692","-1.85576964093595","0.629214317590666","6.20931184210744","4.23185397581373","5.81617760080313","5.12087082083555","0.642525246928713","-2.15028550274306","3.38171314196398","2.3070877134364","7.31720705153045","2.19934107739567","6.59954228907363","5.83764199099477","-3.55419942546843","5.87205784803074","6.17408394428251","3.35649803154769","6.64821859374392","4.09563426889127","5.06556320006719","4.70175961499007","3.83198936257934","8.52064264766254","5.46916302240537","5.58717150245801","1.51514935351003","5.41236767045154","4.82260448638672","6.36732623697335","7.19762953250951","7.0743060399513","4.21061775642937","5.98554453313913","8.20855528519759","4.08685651061379","4.57324198800495","3.77199800158957","7.46572456516969","7.54604881721275","7.64449221771777","7.89518423097518","7.53428172873167","3.48063577466947","7.38981184140867","8.19440351710111","5.45109403255725","5.64515915583837","6.23326513053635","7.24547986703887","7.68973935190233","7.96912333644603","6.78411966009934","6.39366632555758","4.09454306534288","-4.98750173652559","9.24659959756499","7.10115392414392","6.7848640413625","6.75761201913679","7.12381420637792",
"Sub-Saharan Africa (IDA & IBRD countries)","TSS","GDP growth (annual %)","NY.GDP.MKTP.KD.ZG","","1.0754631236215","6.04610607563592","6.24531846522665","4.96639887465098","4.67953817133558","2.02665890712899","-0.76806717066394","3.12943760682845","8.99822522164762","7.80854159298836","7.71147119452176","2.95095772317428","4.29599242239345","7.53094036861516","-0.229911832692025","5.17321327983231","2.76460277790993","-0.176019904661672","3.93566007705468","3.71657148608926","-0.81399034500437","-1.20303181134553","-2.54034324783322","2.25435817157758","2.00734527268828","1.86923327902069","2.93380062137018","4.47230825534781","2.29598076633089","2.26082722814505","0.387559290605012","-0.493051492213951","-1.04170776353548","1.02809298677242","3.32702733845689","5.14408095260521","4.07018981042431","2.5180288237749","2.17865301194801","3.4367930085385","4.21351921823427","6.39348834856033","4.1207259057817","6.68448764056895","6.00952996907237","6.0494635160403","6.15965789735047","5.20016102666743","3.14726802642649","6.06650061092893","4.2921410260969","3.32826360696474","5.27451055861317","4.72713989905583","2.93344601140815","1.31700355850862","2.50745485300064","2.7943308213089","2.5491393304619","-3.29212615874916","3.58194129290288","4.03371066956888","2.71446691675898","3.61612792495724","4.13928145259648",
"Trinidad and Tobago","TTO","GDP growth (annual %)","NY.GDP.MKTP.KD.ZG","","14.037070864503","2.74246314643362","5.60459724643465","7.63049977210248","0.693850281194557","4.05682156067668","2.04251771480521","5.21514161490035","2.73068461003507","3.53363567797224","1.04033582781962","5.78034681913935","1.65642076642045","3.80760400856937","1.47796537123553","6.40514537866505","9.12179038765797","10.0164804979013","3.59936750975606","10.390810137283","4.57720855842996","3.79931807144484","-10.3003284842942","-5.75090617005851","-4.1194195543724","-3.27916304799267","-4.56177853811394","-3.91972405050394","-0.829914212231699","1.50916784295177","3.11240786575588","10.092979512969","-0.66911476645933","3.56718060581952","3.80991314364765","7.13447746480871","7.52285462627518","8.1245639965458","8.02481764350063","6.90135959072803","4.16852398185424","7.93670968715332","14.4409895389734","7.95005151069972","6.20893787954175","13.2080586051735","4.75420970092722","3.39173707807387","-4.3917292474614","3.32322471027371","-0.294354409043763","6.71074625448722","3.36819291689019","3.67086851032413","-0.406283288730492","-7.53636305379372","-4.87274946918724","-0.945449700943314","0.467734528855885","-8.78879817831519","-0.716740625909793","0.86126082651883","1.46645947294053","2.50920813979569","-0.787768572727643",
"Tunisia","TUN","GDP growth (annual %)","NY.GDP.MKTP.KD.ZG","","","-4.59008450551823","-10.7339947141916","-4.6759498576432","-2.5366922286227","3.45486789269532","0.161952470326938","10.4097285884098","4.74781540363225","4.6696317726705","10.5601974806863","17.7427182610332","-0.65464350226631","8.0747823343126","7.15609990912363","7.87685265272428","3.41109584954947","6.44047353293125","6.56752117644017","7.41873959497985","5.51407282903942","-0.493737604022272","4.68191738527311","5.74884326252969","5.6485732365982","-1.44698841417973","6.70137109577689","0.0721590773964209","1.74669912824352","7.94981943665461","3.90454530313198","7.80572887722397","2.18982886145824","3.17841132209441","2.35166985086541","7.14608096782061","5.44094350107467","4.78376247825665","6.05463447898158","4.7099729138049","3.79627166202512","1.32255714828946","4.70239953285241","6.23579072222647","3.4865455430439","5.24409983246916","6.70952097453554","4.23778147502819","3.04345012371552","2.97113275066512","-2.04663389535644","4.21667711535632","2.42993096446429","3.09032803070775","0.967834205635981","1.117231963992","2.25261437620587","2.60696965356362","1.55009304966742","-8.97512622934723","4.73603648206102","2.75228761004381","0.184015548469745","1.61444564976986","2.49311010666248",
"Turkiye","TUR","GDP growth (annual %)","NY.GDP.MKTP.KD.ZG","","1.15606938539699","5.57142858180481","9.06630555240935","5.45905679838043","2.82352954343872","11.2128150353513","4.73251024393737","6.77799601038105","4.08114562089492","3.23350897293227","5.56669450058796","7.42578832564243","3.26233451840494","5.59447440269354","7.17411268977115","10.4611795563238","3.40666980449136","1.50293301122338","-0.62411357022269","-2.44735042580159","4.85664876652028","3.56322781218334","4.97108077727097","6.71201571206028","4.24133571639942","7.01203111054394","9.48553884246728","2.32073679394847","0.2902440687796","9.26614667149315","0.720279039109613","5.03563493261181","7.65126520761324","-4.66814736735584","7.878266878218","7.15779847930847","7.3578623747848","1.90857064345151","-3.05277055759434","6.98528697817062","-5.45940838563062","6.43550883793114","5.79909321038525","9.92540551918624","9.11157745861635","7.06762607623939","5.10818513903604","0.920118221365883","-4.88269401706633","8.54219848467686","10.9799625273598","4.80762696633448","8.48825689298511","4.60079447270559","5.80557386628684","3.32366508200445","7.82585730002594","3.46815306092219","1.30162365464503","1.80306247087255","11.811094450607","5.44122511322401","5.04512369812289","3.3276230893799","3.60462514082589",
"Tuvalu","TUV","GDP growth (annual %)","NY.GDP.MKTP.KD.ZG","","","","","","","","","","","","-1.58369851087343","-1.95000206496455","-1.93049822250359","-1.67810202592081","-1.50650016236264","-0.84509774664599","-3.74149906831246","-1.83250348132475","-0.396798536334316","-0.639500977942888","2.60030265890705","-16.0090979281961","8.97359996280562","7.46099579578473","-1.83509617843983","22.5854957557251","12.2569003512715","19.3069982331791","-1.94779662207777","15.3759984812797","3.60918285728256","2.7887888821527","4.11082376782662","10.2833768150468","-5.00445203133808","-5.96137047461905","10.0033027825943","15.5011661260488","-1.56387082399142","-0.924982787727885","0.695632721154311","8.31734087106138","-4.35078593434982","-1.88813964522959","-3.74664896498648","1.30103846348952","6.90547330117343","6.57919977159274","-5.61992222980298","-2.46826250374198","7.52010985962886","-2.8527626821171","3.80502330116951","1.66722583350807","9.37896384662504","4.77650497336539","3.26802914033142","1.38668386152332","13.4465048163198","-3.03030303030303","0","-10.9375","3.50877192982458","3.38983050847457","1.63934426229508",
"Tanzania","TZA","GDP growth (annual %)","NY.GDP.MKTP.KD.ZG","","1.13829635143543","9.09674738431541","6.26000305958226","5.51115870033439","4.3647206714603","11.6436755317812","5.52325857922256","6.28556212963629","3.26163984438857","-46.4330351414871","3.90146077101619","7.11531519183237","6.19196242050393","2.11339071824315","3.98942559802084","3.30601216563538","0.0495928503172962","2.08400760208103","2.50017391682478","2.73797995142824","-0.978820953022364","-0.367659678144776","-0.391629233338236","4.6729720643193","1.24490401004924","5.49571344557758","4.7965198054257","7.25543546092405","3.76444340906087","7.04507164205259","2.07198821361914","0.584322131924068","1.20580080875436","1.56766176421846","3.56991186849247","4.54436680394173","3.52527818941036","3.70851159859504","4.86386375362282","4.52078463603256","6.07080828734129","7.09319498355502","6.67278983053497","7.50381465859829","7.47631925974784","6.53222138847813","6.76853520293716","5.68641685905224","5.26910524873463","6.33652342666889","7.67215543486064","4.50015356010131","6.78158560065316","6.73246186832483","6.16062877406682","6.86711619644551","6.72726996832438","5.50267599384966","5.79999999996723","1.99196460647855","4.32138429480482","4.56600576430955","5.06952353203394","5.5263138305945","5.85286828692739",
"Uganda","UGA","GDP growth (annual %)","NY.GDP.MKTP.KD.ZG","","","","","","","","","","","","","","","","","","","","","","","","5.74455771307937","-0.344676680158472","-3.30638000677493","0.390086943062727","3.96190278946132","8.26707354577805","6.36194124395438","6.47414015255596","5.55409549507921","3.41835689468401","8.32629251939072","6.40363574007452","11.5232438119529","9.07211457909349","5.10000186476283","4.90526548451564","8.05394837724197","3.141907338187","5.18366112490236","8.73268576440127","6.47325867166543","6.80723334361883","6.33256511623156","10.7847443857453","8.41242596551071","8.70875190154499","6.80151734860395","5.63761163749757","9.3916554927176","3.83745560605229","3.58690582623025","5.10630732539796","5.18785986002466","4.78100029254482","3.13140551723596","6.30392378262997","6.43874503276439","2.95130642218098","3.53658034070898","4.58802192181773","5.33697295511469","6.05558075875589","6.33181157677313",
"Ukraine","UKR","GDP growth (annual %)","NY.GDP.MKTP.KD.ZG","","","","","","","","","","","","","","","","","","","","","","","","","","","","","2.56646326960379","3.87310321162344","-6.34523512831163","-8.6999999997216","-9.90000000204168","-14.1999999993643","-22.8999999992283","-12.2000000007385","-10","-2.99999999842365","-1.90000000214164","-0.200000000106499","5.90000000024899","8.80000000367222","5.33964720719075","9.51660986436364","11.7953525281136","3.07123039245209","7.57142076322967","8.21584445165715","2.24349159628288","-15.1364679101502","4.09200436668087","5.44528081048476","0.152314967200653","0.045439094492707","-10.0788949840953","-9.7729872128676","2.44098194492067","2.35997228099491","3.48836234022659","3.19950386354134","-3.75281793983162","3.44562065945944","-28.7585842155085","5.53473354963334","3.24811808426423","1.82152376756284",
"Upper middle income","UMC","GDP growth (annual %)","NY.GDP.MKTP.KD.ZG","","0.52743540849967","3.16430185314364","4.55349695541602","8.5598629129326","7.60867298322701","6.20570484849863","3.840017541458","6.88880556713957","8.2665586317228","8.26053250297993","6.61256699139908","7.61792995862145","7.77264720651362","6.27585210610991","4.56057516066626","6.59420768918311","4.35590696203418","3.84164260872994","5.61671000544422","4.68285929876026","1.97979976778623","3.1468003788286","1.45868479891558","5.05001698149925","4.41358728561707","3.67651796090624","4.91042301251392","3.47483762953075","3.01632926883246","2.7553419645201","3.07224469364371","4.52029768644822","5.86952878142941","5.56868005623726","4.52711631413342","6.24106447062505","6.10438436829742","2.94556804758584","3.27878035556444","5.98938554447042","3.47176313358794","4.85760888264437","5.93182709987083","7.85818127906606","7.53091329686855","8.54599449140774","9.34587228012785","6.27582959663708","3.53070135416004","8.47976782694566","6.86028171206145","5.7971024867346","5.66814396000228","5.02375276809626","4.56055688519767","4.62482816773941","5.40459151052542","4.95165024884356","4.24595361596556","-0.502919871037122","7.58860883559845","3.53652312476997","4.57426687515756","4.23445227221156","4.20533481650185",
"Uruguay","URY","GDP growth (annual %)","NY.GDP.MKTP.KD.ZG","","2.49303791805684","-1.57454885002421","0.170458855734793","2.44052077893583","1.04560405431261","3.06285593493642","-3.65683411281653","1.88891174472745","5.8647406331108","2.33321338074524","-0.251711531030196","-1.31956986163931","0.275199617416817","2.89534459834873","6.09691431298931","3.93547017536275","1.45546117847255","5.37398534767648","6.1991167323612","5.84340090113461","1.55955982937495","-9.75787146088504","-10.274399195032","-1.142617449752","1.46653602887281","8.80980829469384","7.99313720510438","1.48093746177193","1.1039010238153","0.297348378681562","3.53880850451309","7.93158841395443","2.65754610698545","7.28134264410127","-1.44759896894408","5.57795776385868","8.54768320111596","4.51889009679091","-1.52094591992036","-1.92993063549235","-3.84412995940374","-7.73200721540044","0.805283915893824","5.00416035564457","7.4601321302473","4.09857735445401","6.54151084504817","7.17614466455107","4.24349419462426","7.8034096507169","5.16213302463606","3.53817872056869","4.63753862902416","3.23879122952364","0.370741257681345","1.68979822971775","1.74037649141989","0.164777608846705","0.928351027546341","-7.35732706897301","5.84427325018082","4.60623000920732","0.761749241321681","3.32575905957381","1.78471117082752",
"United States","USA","GDP growth (annual %)","NY.GDP.MKTP.KD.ZG","","2.29999999989235","6.100000008077","4.40000000466181","5.8000000040378","6.40000000107759","6.50000000865072","2.49999999306594","4.80000000278329","3.09999999656958","0.216606498143278","3.29272243899894","5.25550197771585","5.64567975951033","-0.540550190362552","-0.205619191208058","5.38803390614694","4.62418650079432","5.53520648057204","3.16598822512103","-0.256775739391401","2.53770127042986","-1.80301377321203","4.58379096944093","7.2364531665454","4.16957535422245","3.46265504522061","3.45462966441372","4.17698239478443","3.67223784138015","1.88596557755378","-0.108312873733027","3.52249717254271","2.75179586314481","4.02902272637739","2.68443073970295","3.77277269047364","4.44712793442667","4.48313335499124","4.78842504836746","4.07758575997799","0.955538337599847","1.70044733078285","2.79560596378604","3.84777169267127","3.48354993710312","2.78453963674239","2.0038583039496","0.113587247501258","-2.5765002366652","2.69519258673525","1.56440685205419","2.28911339009767","2.11783009443471","2.52381981757846","2.94555045227337","1.81945147909089","2.45762230126449","2.96650506701943","2.58382533052225","-2.081375977796","6.15202247867526","2.52421385073222","2.93436322440155","2.79318715363841","2.16138195623856",
"Uzbekistan","UZB","GDP growth (annual %)","NY.GDP.MKTP.KD.ZG","","","","","","","","","","","","","","","","","","","","","","","","","","","","","9.13858227515796","3.09129397309782","1.60000000583709","-0.492000005163135","-11.1999999973161","-2.30000000438953","-5.19999999306724","-0.90000000546128","1.700000003062","5.19999999656406","4.30000000106274","4.30000000179402","3.83500000014025","4.16383824998903","3.97348819235708","4.23262738154382","7.4490006055965","6.95000719569107","7.45141847621767","9.47300530544537","9.02916101784781","8.05093332733964","7.5971679610016","8.12793681625645","7.35682138899483","7.9217749261021","7.71373911707978","7.94477659311639","6.71108022628","4.70027401956061","5.72368380757618","6.79331098484522","1.62162281640448","8.20448512353877","6.08592335737373","6.31603004201926","6.67618796188361","7.69962477932913",
"St. Vincent and the Grenadines","VCT","GDP growth (annual %)","NY.GDP.MKTP.KD.ZG","","4.52728343656233","3.69426175616188","-6.26533863461877","3.66972562214288","0.884935067524722","0","-9.5238134868062","6.50970596033511","2.86084490854772","10.7458896213528","2.96805060811765","25.8314887749849","-11.1013349323496","-8.82059161778473","-7.60870937535856","10.3768202054377","13.2294111793488","9.77747389000672","3.38221687351745","2.44272030705477","4.61390411174469","4.4768491414777","2.16859610337228","6.5863390070146","6.17934619533374","5.59974051938687","0.438004972316747","14.07469453936","1.40561082593132","4.14918678513905","1.13557520041245","6.37794062708292","4.25073077397103","-1.24762336447148","7.76665024455248","1.28791200314089","3.50515087270627","4.0901949332585","2.71031071289156","1.63903190394467","1.74823102028898","5.34212707436718","6.69133665352797","4.11469880444737","2.48855733938132","6.99692626758825","3.3229685982929","0.404640808638888","-1.3781936056056","-4.47046793507802","-0.60627665148327","1.16911218376478","2.4624841721544","1.1457271877622","2.78509791763551","4.1496810046981","1.54810173239956","3.1756114423991","0.668428481084234","-4.26892434422649","2.09340124465459","3.1108330034352","5.32636472098717","4.06183490050209","3.3921670546227",
"Venezuela, RB","VEN","GDP growth (annual %)","NY.GDP.MKTP.KD.ZG","","3.19251943889398","8.53293376290674","3.90095116381792","11.1293452932632","4.16286666476357","1.51025011101906","2.83386903098911","7.33723265821649","0.706036796155843","7.71191438124403","1.47929120998975","1.28280503619405","7.10995789495574","2.0693332016931","2.89625778007141","7.72773984679841","6.27078351298832","2.34689637191228","0.764355145425611","-4.42132236441761","-1.26182965299685","2.55591054313101","-9.65732087227414","5.17241379310344","0.655737704918025","6.18892508143323","4.9079754601227","6.43274853801171","-14.010989010989","6.70926517571885","9.5808383233533","6.01092896174865","0.257731958762889","-2.31362467866325","3.94736842105263","-0.25316455696202","6.34517766497463","0.477326968973756","-5.93824228028504","3.53535353535352","3.41463414634147","-8.72641509433961","-7.75193798449614","18.2072829131653","10.1895734597156","9.89247311827957","8.80626223091976","5.21582733812949","-3.07692307692308","-1.5873015873016","4.12186379928315","5.67986230636832","1.30293159609121","-3.85852090032154","-6.18729096989966","-17.1122994652406","-15.6989247311828","-19.6428571428571","-27.6190476190476","-29.8245614035088","0.625000000000014","8.07453416149069","4.02298850574712","5.52486187845305","1.57068062827224",
"British Virgin Islands","VGB","GDP growth (annual %)","NY.GDP.MKTP.KD.ZG","","","","","","","","","","","","","","","","","","","","","","","","","","","","","","","","","","","","","","","","","","","","","","","","","","","","","","","","","","","","","","","","","","",
"Virgin Islands (U.S.)","VIR","GDP growth (annual %)","NY.GDP.MKTP.KD.ZG","","","","","","","","","","","","","","","","","","","","","","","","","","","","","","","","","","","","","","","","","","","","-0.396080883885759","3.28589367936377","3.4853090172239","3.50499314666143","4.01059402194477","1.21862495452891","-6.59478885893981","0.596383224317051","-8.20424555364315","-14.8125","-6.28515529469308","-1.77453027139875","-0.425079702444208","1.6008537886873","-0.735294117647058","1.87830687830687","2.90833549727343","-1.61493817814787","3.66760707873814","-1.31123206333498","","","",
"Viet Nam","VNM","GDP growth (annual %)","NY.GDP.MKTP.KD.ZG","","","","","","","","","","","","","","","","","","","","","","","","","","3.80585566810947","2.78929157479443","3.5834696313072","5.13501167157808","7.36451289395819","5.10091813908369","5.96084393218912","8.64604745934572","8.07273065739605","8.83898095245374","9.54048017491264","9.34001749939179","8.1520841433542","5.76445545848843","4.77358688344989","6.78731640463151","6.19289331233377","6.32082099160833","6.89906349055258","7.53641060890386","7.54724772895918","6.97795481056711","7.12950448605439","5.66177120891362","5.39789754014181","6.42324482239482","6.41316889681683","5.5045447041189","5.55351081026072","6.42224312118567","6.98715430598611","6.69000892660424","6.94019037359206","7.46500685572751","7.35926270105006","2.86541320912272","2.55372852648131","8.53750041218142","4.97865959483225","7.03955197123018","8.01882998978245",
"Vanuatu","VUT","GDP growth (annual %)","NY.GDP.MKTP.KD.ZG","","","","","","","","","","","","","","","","","","","","","-11.3998067077696","4.37795667690261","1.97988311533418","3.00962925422006","9.57499148469142","1.00162332055409","-0.15046335875266","-2.89393472379176","-1.69288283840025","1.53189352084378","11.6956997985937","3.1476384802759","2.58541372753479","0.735447995455729","9.08146609289209","1.00394504149104","2.32733541644214","4.90681267768771","1.17685436113624","0.337293221894271","5.92480905652918","-3.39758248938266","-5.19831875936025","4.28833511695457","3.98739280216959","5.30532647259227","8.46069747205426","2.87589228775376","5.60099182147225","3.03730354099639","1.25886720329254","3.13980290023437","1.01004768692017","0.463390415135436","3.10512947273315","3.50101268962098","3.61980830670927","4.22332192519966","2.51532789491979","3.27677257380314","-5.72530282073851","-1.16332488626091","5.59195729750803","5.82973013269719","3.76564827114278","3.05357824026483",
"World","WLD","GDP growth (annual %)","NY.GDP.MKTP.KD.ZG","","3.91381807548518","5.32119155001325","5.01948574251753","6.62973289506179","5.63094784595984","5.41888566542343","3.73806601134913","5.94722298911074","5.96131448055353","3.76536422839344","4.1089784450586","5.53776177849556","6.45772701682566","1.99190710306105","0.81448328160532","5.22120338591516","3.94144875757631","4.13711682010359","4.14087732068609","1.81532833044595","1.88817492087733","0.411099684969287","2.57687545199074","4.72811948188732","3.65992562860681","3.30504727863539","3.75140720504533","4.52917512483202","3.63824326258279","2.70835661034906","1.22518126757618","2.06322489260802","1.85802699127092","3.41622758531712","3.17807321635462","3.58623401800118","3.99678915639295","2.78125282205437","3.57856819120765","4.56720186018067","2.02994447591411","2.31891535273219","3.07416318395302","4.49537859755031","4.0591513939051","4.48913510541222","4.43123376835285","2.0916044806491","-1.33303814192499","4.52085213873784","3.31431839310667","2.74743359443485","2.88974765617324","3.16849193058366","3.12721325699906","2.78974074234593","3.44658623167955","3.28663086462807","2.680308747553","-2.88621185457086","6.48508887596752","3.44001097265647","2.85938493335973","2.90001340156714","2.92127318539153",
"Samoa","WSM","GDP growth (annual %)","NY.GDP.MKTP.KD.ZG","","","","","","","","","","","","13.5135136424393","1.58730157852472","7.29166655440407","-10.6796115697096","-3.80434788164912","9.32203391331603","-0.775193740673188","6.24999996598103","10.9090919597421","-6.19307884148303","-9.02912233689747","-0.960514107149763","0.431035957397555","1.28755814292656","3.91949640266225","5.50457826286599","0.483096051256624","-1.44229968442642","3.70731363153662","-4.42145088411849","-2.30001238645001","-0.199987145070338","4.09999101013889","-2.54210048090948","6.6736431464967","7.17896881783187","0.643425004323134","2.19488971786478","2.18543437397388","5.09304469244418","7.39012906172989","5.65195919890348","5.21262892634149","3.0872602379675","6.63920361300734","2.13212714677351","0.485982550017255","3.55610467395","-0.541677601834593","6.1247199226125","3.84907794660396","-3.73213020890266","0.107293276488932","0.659923768782861","3.8503618166494","7.9838628784713","1.40628239971301","-0.609647103380141","4.45185891688691","-3.10864485863991","-5.04350589708287","2.26705310780669","15.233606465518","4.7483863916535","4.20440659006225",
"Kosovo","XKX","GDP growth (annual %)","NY.GDP.MKTP.KD.ZG","","","","","","","","","","","","","","","","","","","","","","","","","","","","","","","","","","","","","","","","","","","","","","","","","","5.03485413839893","4.93995095961395","6.31981022896761","1.71219595890548","5.34079911900278","3.34880478431623","5.91623128345211","5.57177504731632","4.82565565298054","3.40663227056285","4.75680057007834","-5.34027547826166","10.7456560819583","4.27849895827543","4.06762701436438","4.5730971681166","3.59217142544483",
"Yemen, Rep.","YEM","GDP growth (annual %)","NY.GDP.MKTP.KD.ZG","","","","","","","","","","","","","","","","","","","","","","","","","","","","","","","","6.29349385992927","8.20759813722687","4.00196638126631","6.72194912231696","5.66937132228433","4.63496731668951","5.23111204040379","6.00669459871877","3.77553049612634","6.1819155928913","3.80364587188127","3.9352315052778","3.74739818489111","3.972696401183","5.59174807563268","3.17040935922364","3.33842795605096","3.64756947012633","3.86622951587742","7.70128607527964","-12.7148969035133","2.39299021364694","4.82351908493912","-0.188690241954504","-27.9945462502541","-9.37512379736752","-5.07179568062152","0.752447592962554","","","","","","","",
"South Africa","ZAF","GDP growth (annual %)","NY.GDP.MKTP.KD.ZG","","3.84473414174089","6.17793085042746","7.37370924877223","7.93960864480677","6.12279809601442","4.43838608946889","7.19652306514106","4.15337298293346","4.71590286722241","5.24866143118292","4.27893440296982","1.65482970884699","4.57194474637271","6.11112210372188","1.69543377931099","2.24986032919334","-0.0939791161255812","3.01447977912923","3.79051926405782","6.62058342724157","5.36079105964045","-0.383419108375435","-1.84655774595063","5.09915163001477","-1.21154088240387","0.0178492401652193","2.10072902053675","4.20010964838187","2.39479511538406","-0.317760426540374","-1.0182449675445","-2.13703284500521","1.23355793864741","3.20000000297172","3.10000000054411","4.29999999726792","2.60000000146347","0.50000000034143","2.39999999746338","4.20000000067826","2.70000000019104","3.70037440406668","2.94907546754213","4.55455990721774","5.27705197295467","5.60380645895889","5.36047405394162","3.1910438863288","-1.53808913525583","3.03973288127956","3.16855627858818","2.39623238465745","2.48546800826588","1.41382645223793","1.32186223678229","0.664552307858116","1.15794695181735","1.55678384721676","0.25993557687633","-6.1689177146757","4.85864865060148","2.05813661692193","0.80610455095804","0.534843531905139","1.11462608103956",
"Zambia","ZMB","GDP growth (annual %)","NY.GDP.MKTP.KD.ZG","","1.36138199147489","-2.49083947454871","3.27239289272524","12.2140480179323","16.6474559632126","-5.57030980860466","7.91969651199875","1.24832998222797","-0.436915823088214","4.79711290318896","-0.0860395508674401","9.20886514231279","-0.962048756426327","6.42815854892096","-2.26932892418952","6.22097526707175","-4.5642361743654","0.553763844248408","-3.02393103121803","3.03562235066106","6.16795740650589","-2.81278262868891","-1.96668929762134","-0.336834899256019","1.61531036759311","0.723893955923913","2.67566171341133","6.28074900897693","-1.02350178869868","-0.481072027781664","-0.0361333838823299","-1.73092217352566","6.79727404907118","-8.62544195231277","2.89766889341698","6.21854648894293","3.81400749718355","-0.38574614579035","4.6501897463741","3.89732294341896","5.31686827418419","4.50601428032604","6.94497398221223","7.03239511515218","7.23559900655543","7.90369444480079","8.35243624447406","7.77389581542363","9.2203484058663","10.2982233241213","5.56925219263019","7.59738104901994","5.05753695047252","4.69328316376705","2.92037511217961","3.75510031678988","3.52586277149926","4.03449389667165","1.44130602603785","-2.78505506545167","6.23492204726448","5.21122360356247","5.36794285493059","3.82004825518591","3.75772836763902",
"Zimbabwe","ZWE","GDP growth (annual %)","NY.GDP.MKTP.KD.ZG","","6.3161572666004","1.4344708894259","6.24434450629604","-1.10617185953048","4.91057058739648","1.52313002769391","8.36700892929179","1.97013496821758","12.4282358363658","22.5651508392827","8.91758664245974","8.32977472632579","2.60471469721666","6.62515361824849","-1.93122323911253","0.464838905905296","-6.86070319418188","-2.70692248428711","3.29703539947116","14.420683908318","12.5254248524607","2.6342971465491","1.5853054617689","-1.9073601101602","6.94438776760782","2.09902912557894","1.1507372027161","7.55237451045024","5.199766444125","6.98855293279334","5.53179037448064","-9.01556538665926","1.05137020092701","9.23523568054674","0.158034828064515","10.3607384594087","2.68054632259202","2.88529516415583","-0.817895267295725","-3.05911780575599","1.43951727721958","-8.89401285792752","-16.9950733355763","-5.80753964196205","-5.71112541241364","-3.46140290336963","-3.653250914872","-17.6689987958491","13.2720546167979","19.6754077019323","14.1939156801139","16.6654290410337","1.98948554025198","2.37698561663417","1.77985356392176","0.75579405855224","4.73441117758482","5.00992154297603","-6.33244976028571","-7.81695060188729","8.46801676808001","6.13926327570213","5.3508687909833","1.67649454921512","8.10671343048909",
